,Code,Ex,Date,Open,High,Low,Close,Adjusted_close,Volume,Prev_close,Change,Change_%
0,ACW,US,2012-01-02,7.31,7.631,7.31,7.39,7.39,718845.0,,,
527,ACW,US,2012-01-03,7.37,7.49,7.3,7.4,7.4,333135.0,,,
527,ACW,US,2012-01-04,7.31,7.47,7.22,7.35,7.35,335658.0,,,
527,ACW,US,2012-01-05,7.31,7.62,7.31,7.42,7.42,365668.0,,,
519,ACW,US,2012-01-06,7.48,7.5,7.32,7.4,7.4,304472.0,,,
527,ACW,US,2012-01-09,7.5,7.55,7.33,7.36,7.36,369847.0,,,
527,ACW,US,2012-01-10,7.32,7.48,7.32,7.41,7.41,377249.0,,,
527,ACW,US,2012-01-11,7.44,7.44,7.12,7.39,7.39,500053.0,,,
527,ACW,US,2012-01-12,7.25,7.26,6.99,7.0,7.0,842461.0,,,
519,ACW,US,2012-01-13,7.0,7.0,7.0,7.0,7.0,0.0,,,
3,ACW,US,2012-01-16,7.05,7.34,7.0,7.0,7.0,299392.0,,,
528,ACW,US,2012-01-17,7.0,7.17,6.9,7.12,7.12,179841.0,,,
527,ACW,US,2012-01-18,7.13,7.15,7.0,7.05,7.05,338475.0,,,
527,ACW,US,2012-01-19,7.05,7.13,6.97,7.07,7.07,212967.0,,,
519,ACW,US,2012-01-20,7.04,7.25,7.01,7.25,7.25,172038.0,,,
518,ACW,US,2012-01-23,7.19,7.45,7.13,7.44,7.44,218670.0,,,
518,ACW,US,2012-01-24,7.44,7.55,7.34,7.51,7.51,245387.0,,,
518,ACW,US,2012-01-25,7.52,7.57,7.34,7.46,7.46,330681.0,,,
520,ACW,US,2012-01-26,7.39,7.587999999999999,7.3674,7.52,7.52,294817.0,,,
520,ACW,US,2012-01-27,7.44,7.46,7.33,7.34,7.34,95989.0,,,
528,ACW,US,2012-01-30,7.42,7.575,7.35,7.49,7.49,334935.0,,,
530,ACW,US,2012-01-31,7.61,8.01,7.55,7.78,7.78,860983.0,,,
529,ACW,US,2012-02-01,7.83,7.92,7.7,7.74,7.74,266936.0,,,
529,ACW,US,2012-02-02,7.92,7.95,7.8,7.82,7.82,269514.0,,,
521,ACW,US,2012-02-03,7.76,8.02,7.71,7.93,7.93,379416.0,,,
529,ACW,US,2012-02-06,7.91,8.17,7.9,8.09,8.09,416892.0,,,
529,ACW,US,2012-02-07,8.08,8.53,8.08,8.52,8.52,443160.0,,,
529,ACW,US,2012-02-08,8.58,8.81,8.32,8.6,8.6,435317.0,,,
530,ACW,US,2012-02-09,8.48,8.56,8.28,8.28,8.28,317620.0,,,
523,ACW,US,2012-02-10,8.41,8.64,8.3,8.61,8.61,448437.0,,,
530,ACW,US,2012-02-13,8.56,8.7189,8.11,8.29,8.29,404257.0,,,
530,ACW,US,2012-02-14,8.34,8.43,8.24,8.36,8.36,512318.0,,,
530,ACW,US,2012-02-15,8.39,8.81,8.34,8.8,8.8,397409.0,,,
530,ACW,US,2012-02-16,8.84,9.14,8.78,9.07,9.07,355056.0,,,
522,ACW,US,2012-02-17,9.07,9.07,9.07,9.07,9.07,0.0,,,
2,ACW,US,2012-02-20,9.1,9.1,8.66,8.69,8.69,301684.0,,,
530,ACW,US,2012-02-21,8.67,8.83,8.53,8.54,8.54,226803.0,,,
530,ACW,US,2012-02-22,8.53,8.77,8.35,8.73,8.73,195757.0,,,
530,ACW,US,2012-02-23,8.7,8.85,8.4,8.44,8.44,201097.0,,,
522,ACW,US,2012-02-24,8.37,8.37,8.2,8.24,8.24,293890.0,,,
530,ACW,US,2012-02-27,8.27,8.4999,8.1397,8.2,8.2,269158.0,,,
530,ACW,US,2012-02-28,8.22,8.22,7.95,7.95,7.95,321793.0,,,
530,ACW,US,2012-02-29,7.95,8.28,7.45,8.03,8.03,1188307.0,,,
530,ACW,US,2012-03-01,7.78,8.08,7.73,7.79,7.79,733136.0,,,
524,ACW,US,2012-03-02,7.77,8.05,7.68,8.0,8.0,458285.0,,,
531,ACW,US,2012-03-05,7.92,8.02,7.35,7.52,7.52,687368.0,,,
532,ACW,US,2012-03-06,7.53,7.74,7.41,7.69,7.69,239090.0,,,
531,ACW,US,2012-03-07,7.73,7.79,7.47,7.71,7.71,205371.0,,,
531,ACW,US,2012-03-08,7.7,7.94,7.56,7.8,7.8,214425.0,,,
523,ACW,US,2012-03-09,7.79,7.89,7.6456,7.77,7.77,190994.0,,,
531,ACW,US,2012-03-12,7.86,8.0,7.76,7.94,7.94,229627.0,,,
531,ACW,US,2012-03-13,7.93,8.035,7.89,7.99,7.99,173079.0,,,
530,ACW,US,2012-03-14,8.01,8.25,7.94,8.25,8.25,227281.0,,,
531,ACW,US,2012-03-15,8.28,8.6,8.16,8.49,8.49,500017.0,,,
523,ACW,US,2012-03-16,8.51,8.82,8.41,8.67,8.67,293102.0,,,
529,ACW,US,2012-03-19,8.61,8.64,8.465,8.6,8.6,222068.0,,,
530,ACW,US,2012-03-20,8.6,8.79,8.56,8.75,8.75,186078.0,,,
531,ACW,US,2012-03-21,8.67,8.78,8.49,8.51,8.51,278462.0,,,
531,ACW,US,2012-03-22,8.51,8.66,8.29,8.65,8.65,239067.0,,,
523,ACW,US,2012-03-23,8.79,9.14,8.77,8.97,8.97,367642.0,,,
531,ACW,US,2012-03-26,9.0,9.09,8.63,8.8,8.8,427359.0,,,
531,ACW,US,2012-03-27,8.82,8.9,8.69,8.74,8.74,246189.0,,,
532,ACW,US,2012-03-28,8.68,8.83,8.6,8.74,8.74,534588.0,,,
532,ACW,US,2012-03-29,8.83,8.83,8.512,8.69,8.69,176083.0,,,
523,ACW,US,2012-03-30,8.69,8.85,8.6,8.76,8.76,285749.0,,,
523,ACW,US,2012-04-02,8.76,9.03,8.6,8.63,8.63,270188.0,,,
523,ACW,US,2012-04-03,8.55,8.58,8.27,8.35,8.35,347594.0,,,
528,ACW,US,2012-04-04,8.33,8.51,8.27,8.29,8.29,94745.0,,,
531,ACW,US,2012-04-05,8.29,8.29,8.29,8.29,8.29,0.0,,,
0,ACW,US,2012-04-06,8.11,8.11,7.98,8.07,8.07,213847.0,,,
529,ACW,US,2012-04-09,8.05,8.07,7.64,7.82,7.82,232382.0,,,
531,ACW,US,2012-04-10,7.88,8.0,7.83,7.99,7.99,230929.0,,,
531,ACW,US,2012-04-11,8.0,8.37,8.0,8.32,8.32,206866.0,,,
531,ACW,US,2012-04-12,8.26,8.27,7.97,7.97,7.97,173744.0,,,
524,ACW,US,2012-04-13,8.06,8.275,8.06,8.13,8.13,424900.0,,,
532,ACW,US,2012-04-16,8.24,8.31,7.94,7.96,7.96,290090.0,,,
533,ACW,US,2012-04-17,7.84,7.89,7.76,7.8,7.8,197716.0,,,
532,ACW,US,2012-04-18,7.79,7.84,7.43,7.48,7.48,193407.0,,,
532,ACW,US,2012-04-19,7.58,7.69,7.45,7.5,7.5,209426.0,,,
524,ACW,US,2012-04-20,7.31,7.36,7.12,7.13,7.13,292596.0,,,
532,ACW,US,2012-04-23,6.83,7.23,6.68,7.14,7.14,933850.0,,,
532,ACW,US,2012-04-24,7.21,7.3,7.07,7.19,7.19,595233.0,,,
532,ACW,US,2012-04-25,7.15,7.25,7.04,7.14,7.14,343847.0,,,
532,ACW,US,2012-04-26,7.21,7.36,7.15,7.28,7.28,361137.0,,,
525,ACW,US,2012-04-27,7.27,7.35,7.22,7.25,7.25,291348.0,,,
526,ACW,US,2012-04-30,7.22,7.4,7.12,7.12,7.12,277061.0,,,
532,ACW,US,2012-05-01,7.05,7.24,7.0,7.14,7.14,285539.0,,,
534,ACW,US,2012-05-02,7.1,7.2,6.64,6.72,6.72,291395.0,,,
533,ACW,US,2012-05-03,6.65,6.69,6.5,6.5,6.5,218141.0,,,
526,ACW,US,2012-05-04,6.5,6.68,6.49,6.5,6.5,174575.0,,,
534,ACW,US,2012-05-07,6.5,6.525,6.335,6.4,6.4,369132.0,,,
533,ACW,US,2012-05-08,6.29,6.4479999999999995,6.22,6.37,6.37,176842.0,,,
533,ACW,US,2012-05-09,6.46,6.53,6.13,6.15,6.15,249610.0,,,
533,ACW,US,2012-05-10,6.03,6.16,6.0,6.03,6.03,256131.0,,,
525,ACW,US,2012-05-11,5.93,5.99,5.76,5.78,5.78,231261.0,,,
534,ACW,US,2012-05-14,5.99,6.07,5.81,5.9,5.9,427480.0,,,
533,ACW,US,2012-05-15,5.92,5.99,5.67,5.67,5.67,223072.0,,,
534,ACW,US,2012-05-16,5.68,5.74,5.39,5.59,5.59,541781.0,,,
533,ACW,US,2012-05-17,5.57,5.66,5.4401,5.65,5.65,393460.0,,,
526,ACW,US,2012-05-18,5.64,5.805,5.62,5.76,5.76,236671.0,,,
533,ACW,US,2012-05-21,5.76,6.0,5.74,5.89,5.89,228074.0,,,
533,ACW,US,2012-05-22,5.8,5.88,5.73,5.83,5.83,193563.0,,,
534,ACW,US,2012-05-23,5.86,6.0082,5.79,5.87,5.87,185985.0,,,
533,ACW,US,2012-05-24,5.9,6.01,5.85,5.92,5.92,98993.0,,,
525,ACW,US,2012-05-25,5.92,5.92,5.92,5.92,5.92,0.0,,,
3,ACW,US,2012-05-28,6.0,6.13,5.921,6.12,6.12,206382.0,,,
538,ACW,US,2012-05-29,6.02,6.06,5.87,5.92,5.92,190680.0,,,
538,ACW,US,2012-05-30,5.92,6.0,5.74,5.92,5.92,333303.0,,,
539,ACW,US,2012-05-31,5.8,5.83,5.64,5.67,5.67,257234.0,,,
532,ACW,US,2012-06-01,5.73,5.73,5.51,5.56,5.56,194723.0,,,
540,ACW,US,2012-06-04,5.51,5.74,5.51,5.74,5.74,120099.0,,,
540,ACW,US,2012-06-05,5.79,6.11,5.72,6.1,6.1,225211.0,,,
540,ACW,US,2012-06-06,6.23,6.25,5.98,6.11,6.11,196882.0,,,
540,ACW,US,2012-06-07,6.08,6.2,6.02,6.1,6.1,168315.0,,,
532,ACW,US,2012-06-08,6.18,6.18,5.87,5.88,5.88,270061.0,,,
536,ACW,US,2012-06-11,5.9,6.01,5.79,5.98,5.98,172726.0,,,
535,ACW,US,2012-06-12,5.98,5.99,5.71,5.76,5.76,298918.0,,,
535,ACW,US,2012-06-13,5.75,5.97,5.73,5.92,5.92,176747.0,,,
535,ACW,US,2012-06-14,5.94,6.14,5.92,6.09,6.09,260079.0,,,
527,ACW,US,2012-06-15,6.04,6.04,5.87,5.95,5.95,175863.0,,,
535,ACW,US,2012-06-18,6.0,6.15,5.94,6.06,6.06,502467.0,,,
535,ACW,US,2012-06-19,6.07,6.09,5.98,6.03,6.03,227617.0,,,
535,ACW,US,2012-06-20,6.04,6.04,5.65,5.71,5.71,237501.0,,,
529,ACW,US,2012-06-21,5.75,5.81,5.58,5.79,5.79,1389033.0,,,
528,ACW,US,2012-06-22,5.64,5.68,5.5,5.65,5.65,243441.0,,,
536,ACW,US,2012-06-25,5.69,5.75,5.54,5.71,5.71,138184.0,,,
536,ACW,US,2012-06-26,5.72,5.9,5.67,5.82,5.82,211921.0,,,
536,ACW,US,2012-06-27,5.75,5.82,5.72,5.82,5.82,151229.0,,,
536,ACW,US,2012-06-28,5.98,6.0,5.88,6.0,6.0,183648.0,,,
528,ACW,US,2012-06-29,6.05,6.14,6.0,6.14,6.14,196436.0,,,
533,ACW,US,2012-07-02,6.13,6.23,6.09,6.2,6.2,165246.0,,,
536,ACW,US,2012-07-03,6.2,6.2,6.2,6.2,6.2,0.0,,,
3,ACW,US,2012-07-04,6.2,6.235,5.96,6.09,6.09,186661.0,,,
536,ACW,US,2012-07-05,6.0,6.0491,5.96,6.02,6.02,109902.0,,,
529,ACW,US,2012-07-06,6.0,6.0,5.87,5.9,5.9,108449.0,,,
536,ACW,US,2012-07-09,5.92,5.96,5.5,5.56,5.56,308530.0,,,
536,ACW,US,2012-07-10,5.55,5.55,5.08,5.47,5.47,557695.0,,,
536,ACW,US,2012-07-11,5.4,5.43,5.18,5.31,5.31,389595.0,,,
536,ACW,US,2012-07-12,5.35,5.5,5.27,5.47,5.47,375662.0,,,
529,ACW,US,2012-07-13,5.43,5.43,5.15,5.18,5.18,212995.0,,,
538,ACW,US,2012-07-16,5.21,5.23,4.96,5.2,5.2,412008.0,,,
537,ACW,US,2012-07-17,5.18,5.41,5.07,5.27,5.27,440256.0,,,
537,ACW,US,2012-07-18,5.26,5.28,4.99,5.06,5.06,375513.0,,,
537,ACW,US,2012-07-19,4.99,5.06,4.82,4.86,4.86,292215.0,,,
529,ACW,US,2012-07-20,4.74,4.82,4.64,4.8,4.8,264275.0,,,
537,ACW,US,2012-07-23,4.81,4.86,4.49,4.56,4.56,267626.0,,,
537,ACW,US,2012-07-24,4.65,4.74,4.52,4.69,4.69,290388.0,,,
537,ACW,US,2012-07-25,4.75,4.8,4.71,4.79,4.79,401778.0,,,
538,ACW,US,2012-07-26,4.84,5.39,4.81,5.33,5.33,955241.0,,,
530,ACW,US,2012-07-27,5.32,5.32,5.18,5.23,5.23,370574.0,,,
538,ACW,US,2012-07-30,5.2,5.3,5.16,5.19,5.19,373181.0,,,
538,ACW,US,2012-07-31,5.23,5.29,5.0,5.0,5.0,193917.0,,,
538,ACW,US,2012-08-01,4.95,5.26,4.95,5.04,5.04,240646.0,,,
538,ACW,US,2012-08-02,5.14,5.39,5.09,5.36,5.36,239814.0,,,
531,ACW,US,2012-08-03,5.36,5.45,5.32,5.38,5.38,179105.0,,,
538,ACW,US,2012-08-06,5.45,5.81,5.41,5.75,5.75,381061.0,,,
541,ACW,US,2012-08-07,5.71,5.82,5.672000000000001,5.73,5.73,243500.0,,,
541,ACW,US,2012-08-08,5.76,5.8,5.68,5.76,5.76,99779.0,,,
541,ACW,US,2012-08-09,5.72,5.78,5.6317,5.75,5.75,115241.0,,,
533,ACW,US,2012-08-10,5.74,5.82,5.64,5.81,5.81,153640.0,,,
541,ACW,US,2012-08-13,5.88,6.13,5.78,6.02,6.02,239851.0,,,
541,ACW,US,2012-08-14,6.02,6.05,5.93,5.98,5.98,141973.0,,,
540,ACW,US,2012-08-15,6.0,6.06,5.94,6.04,6.04,65883.0,,,
541,ACW,US,2012-08-16,6.01,6.22,6.01,6.22,6.22,89260.0,,,
533,ACW,US,2012-08-17,6.17,6.2,5.97,5.99,5.99,151203.0,,,
541,ACW,US,2012-08-20,6.06,6.24,5.96,6.0,6.0,165891.0,,,
541,ACW,US,2012-08-21,5.96,6.12,5.93,6.01,6.01,140947.0,,,
541,ACW,US,2012-08-22,5.99,6.01,5.87,5.91,5.91,168941.0,,,
541,ACW,US,2012-08-23,5.85,5.8892,5.69,5.73,5.73,93792.0,,,
533,ACW,US,2012-08-24,5.75,5.75,5.28,5.35,5.35,358395.0,,,
541,ACW,US,2012-08-27,5.33,5.42,5.195,5.28,5.28,395302.0,,,
540,ACW,US,2012-08-28,5.28,5.32,5.2,5.31,5.31,74470.0,,,
540,ACW,US,2012-08-29,5.26,5.3,5.17,5.2,5.2,43961.0,,,
541,ACW,US,2012-08-30,5.22,5.22,4.98,5.02,5.02,376588.0,,,
533,ACW,US,2012-08-31,5.02,5.02,5.02,5.02,5.02,0.0,,,
2,ACW,US,2012-09-03,5.0,5.13,4.82,5.09,5.09,296857.0,,,
542,ACW,US,2012-09-04,5.12,5.12,4.87,5.02,5.02,360286.0,,,
542,ACW,US,2012-09-05,5.06,5.25,5.02,5.25,5.25,1036604.0,,,
542,ACW,US,2012-09-06,5.27,5.4,5.24,5.39,5.39,217350.0,,,
534,ACW,US,2012-09-07,5.36,5.45,5.15,5.19,5.19,172043.0,,,
542,ACW,US,2012-09-10,5.18,5.4,5.18,5.31,5.31,189972.0,,,
542,ACW,US,2012-09-11,5.35,5.45,5.2599,5.31,5.31,155232.0,,,
542,ACW,US,2012-09-12,5.3,5.335,5.07,5.17,5.17,555521.0,,,
543,ACW,US,2012-09-13,5.22,5.44,5.22,5.37,5.37,264257.0,,,
534,ACW,US,2012-09-14,5.33,5.405,5.19,5.25,5.25,144134.0,,,
542,ACW,US,2012-09-17,5.21,5.26,4.98,5.04,5.04,347482.0,,,
542,ACW,US,2012-09-18,5.05,5.08,4.83,4.85,4.85,725388.0,,,
542,ACW,US,2012-09-19,4.79,4.84,4.74,4.82,4.82,326602.0,,,
542,ACW,US,2012-09-20,4.92,4.92,4.67,4.7,4.7,398315.0,,,
535,ACW,US,2012-09-21,4.66,4.8499,4.66,4.74,4.74,189298.0,,,
542,ACW,US,2012-09-24,4.77,4.83,4.56,4.57,4.57,278043.0,,,
543,ACW,US,2012-09-25,4.57,4.69,4.55,4.64,4.64,155701.0,,,
543,ACW,US,2012-09-26,4.66,4.78,4.6,4.73,4.73,251555.0,,,
543,ACW,US,2012-09-27,4.69,4.72,4.62,4.66,4.66,244817.0,,,
534,ACW,US,2012-09-28,4.69,4.86,4.66,4.79,4.79,542926.0,,,
532,ACW,US,2012-10-01,4.78,4.85,4.72,4.81,4.81,174379.0,,,
533,ACW,US,2012-10-02,4.81,4.92,4.73,4.79,4.79,102010.0,,,
534,ACW,US,2012-10-03,4.83,4.83,4.72,4.77,4.77,219502.0,,,
534,ACW,US,2012-10-04,4.81,4.91,4.81,4.9,4.9,142563.0,,,
534,ACW,US,2012-10-05,4.86,4.91,4.64,4.65,4.65,130386.0,,,
541,ACW,US,2012-10-08,4.66,4.71,4.52,4.56,4.56,95388.0,,,
543,ACW,US,2012-10-09,4.49,4.49,2.99,3.17,3.17,4141287.0,,,
543,ACW,US,2012-10-10,3.21,3.35,3.14,3.2,3.2,1820126.0,,,
544,ACW,US,2012-10-11,3.17,3.21,2.95,3.0,3.0,938514.0,,,
536,ACW,US,2012-10-12,3.0,3.0,2.83,2.97,2.97,497782.0,,,
544,ACW,US,2012-10-15,3.0,3.0801,2.94,2.98,2.98,505402.0,,,
544,ACW,US,2012-10-16,3.0,3.04,2.96,2.97,2.97,178350.0,,,
544,ACW,US,2012-10-17,2.99,3.05,2.97,2.97,2.97,277351.0,,,
544,ACW,US,2012-10-18,2.93,3.04,2.85,2.86,2.86,340748.0,,,
536,ACW,US,2012-10-19,2.86,2.96,2.85,2.9,2.9,200620.0,,,
544,ACW,US,2012-10-22,2.85,2.91,2.79,2.8,2.8,180184.0,,,
543,ACW,US,2012-10-23,2.81,2.8698,2.58,2.59,2.59,252226.0,,,
545,ACW,US,2012-10-24,2.65,2.7478,2.59,2.64,2.64,156085.0,,,
544,ACW,US,2012-10-25,2.65,2.7,2.6,2.66,2.66,1371764.0,,,
536,ACW,US,2012-10-26,2.66,2.66,2.66,2.66,2.66,0.0,,,
3,ACW,US,2012-10-29,2.66,2.66,2.66,2.66,2.66,0.0,,,
3,ACW,US,2012-10-30,2.65,2.73,2.55,2.67,2.67,137162.0,,,
544,ACW,US,2012-10-31,2.67,2.7,2.61,2.68,2.68,1049189.0,,,
544,ACW,US,2012-11-01,2.6,2.67,2.34,2.41,2.41,5145952.0,,,
536,ACW,US,2012-11-02,2.4,2.45,2.35,2.41,2.41,432650.0,,,
544,ACW,US,2012-11-05,2.41,2.46,2.36,2.45,2.45,539736.0,,,
544,ACW,US,2012-11-06,2.42,2.5,2.3,2.3,2.3,446003.0,,,
544,ACW,US,2012-11-07,2.3,2.36,2.21,2.3,2.3,305659.0,,,
544,ACW,US,2012-11-08,2.28,2.32,2.24,2.3,2.3,281040.0,,,
536,ACW,US,2012-11-09,2.33,2.39,2.27,2.38,2.38,326799.0,,,
544,ACW,US,2012-11-12,2.36,2.43,2.34,2.42,2.42,353628.0,,,
544,ACW,US,2012-11-13,2.44,2.59,2.43,2.43,2.43,424947.0,,,
544,ACW,US,2012-11-14,2.42,2.45,2.33,2.39,2.39,329686.0,,,
544,ACW,US,2012-11-15,2.38,2.38,2.27,2.29,2.29,360219.0,,,
536,ACW,US,2012-11-16,2.34,2.42,2.29,2.41,2.41,309547.0,,,
544,ACW,US,2012-11-19,2.41,2.52,2.37,2.44,2.44,173369.0,,,
544,ACW,US,2012-11-20,2.44,2.51,2.38,2.51,2.51,385302.0,,,
544,ACW,US,2012-11-21,2.51,2.51,2.51,2.51,2.51,0.0,,,
3,ACW,US,2012-11-22,2.53,2.75,2.5,2.74,2.74,203865.0,,,
536,ACW,US,2012-11-23,2.69,2.72,2.54,2.56,2.56,351224.0,,,
544,ACW,US,2012-11-26,2.54,2.62,2.4,2.6,2.6,276892.0,,,
544,ACW,US,2012-11-27,2.57,2.61,2.46,2.61,2.61,1137929.0,,,
544,ACW,US,2012-11-28,2.66,2.8110000000000004,2.6310000000000002,2.78,2.78,300948.0,,,
544,ACW,US,2012-11-29,2.8,3.07,2.8,3.07,3.07,815205.0,,,
536,ACW,US,2012-11-30,3.11,3.17,2.97,3.01,3.01,321984.0,,,
544,ACW,US,2012-12-03,3.02,3.08,2.99,3.0,3.0,214083.0,,,
545,ACW,US,2012-12-04,3.03,3.11,2.96,3.02,3.02,1586971.0,,,
544,ACW,US,2012-12-05,2.98,3.03,2.82,2.88,2.88,229443.0,,,
544,ACW,US,2012-12-06,2.91,2.92,2.76,2.8,2.8,185375.0,,,
536,ACW,US,2012-12-07,2.82,2.9,2.7901,2.88,2.88,175045.0,,,
543,ACW,US,2012-12-10,2.91,3.15,2.91,3.15,3.15,242013.0,,,
544,ACW,US,2012-12-11,3.16,3.16,3.022,3.14,3.14,275156.0,,,
545,ACW,US,2012-12-12,3.14,3.15,2.94,3.09,3.09,237870.0,,,
546,ACW,US,2012-12-13,3.06,3.29,3.02,3.28,3.28,255238.0,,,
538,ACW,US,2012-12-14,3.28,3.33,3.23,3.29,3.29,176242.0,,,
545,ACW,US,2012-12-17,3.31,3.39,3.21,3.36,3.36,198297.0,,,
546,ACW,US,2012-12-18,3.35,3.38,3.25,3.29,3.29,139739.0,,,
546,ACW,US,2012-12-19,3.3,3.3,2.99,3.22,3.22,591012.0,,,
545,ACW,US,2012-12-20,3.18,3.19,3.08,3.09,3.09,350186.0,,,
537,ACW,US,2012-12-21,3.09,3.2,3.05,3.07,3.07,60845.0,,,
544,ACW,US,2012-12-24,3.07,3.07,3.07,3.07,3.07,0.0,,,
0,ACW,US,2012-12-25,3.1,3.12,3.05,3.06,3.06,140015.0,,,
541,ACW,US,2012-12-26,3.07,3.15,3.05,3.12,3.12,245606.0,,,
545,ACW,US,2012-12-27,3.08,3.17,3.071,3.12,3.12,148931.0,,,
536,ACW,US,2012-12-28,3.13,3.25,3.09,3.21,3.21,282530.0,,,
537,ACW,US,2012-12-31,3.21,3.21,3.21,3.21,3.21,0.0,,,
0,ACW,US,2013-01-01,3.3,3.3489,3.265,3.31,3.31,258759.0,,,
538,ACW,US,2013-01-02,3.29,3.31,3.21,3.29,3.29,185605.0,,,
546,ACW,US,2013-01-03,3.35,3.46,3.32,3.46,3.46,128382.0,,,
539,ACW,US,2013-01-04,3.46,3.4799,3.37,3.37,3.37,97952.0,,,
549,ACW,US,2013-01-07,3.38,3.4789999999999996,3.36,3.41,3.41,77604.0,,,
549,ACW,US,2013-01-08,3.44,3.47,3.35,3.37,3.37,78544.0,,,
548,ACW,US,2013-01-09,3.4,3.45,3.25,3.29,3.29,44178.0,,,
548,ACW,US,2013-01-10,3.31,3.33,3.15,3.19,3.19,63223.0,,,
540,ACW,US,2013-01-11,3.2,3.4,3.15,3.35,3.35,162563.0,,,
548,ACW,US,2013-01-14,3.3,3.3,3.19,3.26,3.26,87422.0,,,
549,ACW,US,2013-01-15,3.24,3.27,3.18,3.19,3.19,61748.0,,,
548,ACW,US,2013-01-16,3.26,3.32,3.19,3.28,3.28,161833.0,,,
548,ACW,US,2013-01-17,3.29,3.3,3.12,3.13,3.13,144871.0,,,
540,ACW,US,2013-01-18,3.13,3.13,3.13,3.13,3.13,0.0,,,
7,ACW,US,2013-01-21,3.21,3.45,3.2,3.45,3.45,153313.0,,,
549,ACW,US,2013-01-22,3.44,3.47,3.39,3.41,3.41,281211.0,,,
549,ACW,US,2013-01-23,3.46,3.83,3.42,3.7,3.7,449909.0,,,
549,ACW,US,2013-01-24,3.75,3.88,3.65,3.77,3.77,335334.0,,,
541,ACW,US,2013-01-25,3.79,3.81,3.68,3.81,3.81,168728.0,,,
549,ACW,US,2013-01-28,3.79,3.9,3.75,3.9,3.9,197805.0,,,
549,ACW,US,2013-01-29,3.92,3.92,3.68,3.71,3.71,154334.0,,,
549,ACW,US,2013-01-30,3.69,3.78,3.5218,3.76,3.76,188186.0,,,
549,ACW,US,2013-01-31,3.78,3.81,3.73,3.75,3.75,129844.0,,,
542,ACW,US,2013-02-01,3.7,3.74,3.56,3.66,3.66,206031.0,,,
549,ACW,US,2013-02-04,3.7,3.8,3.65,3.8,3.8,109601.0,,,
549,ACW,US,2013-02-05,3.76,3.87,3.76,3.8,3.8,188429.0,,,
549,ACW,US,2013-02-06,3.81,3.81,3.62,3.74,3.74,63816.0,,,
549,ACW,US,2013-02-07,3.76,3.78,3.71,3.74,3.74,197191.0,,,
541,ACW,US,2013-02-08,3.76,3.79,3.64,3.79,3.79,253012.0,,,
540,ACW,US,2013-02-11,3.8,3.88,3.74,3.87,3.87,295586.0,,,
539,ACW,US,2013-02-12,3.89,4.25,3.89,4.2,4.2,1209879.0,,,
539,ACW,US,2013-02-13,4.16,4.23,4.08,4.16,4.16,380774.0,,,
541,ACW,US,2013-02-14,4.19,4.24,4.11,4.16,4.16,348961.0,,,
541,ACW,US,2013-02-15,4.16,4.16,4.16,4.16,4.16,0.0,,,
2,ACW,US,2013-02-18,4.16,4.45,4.05,4.41,4.41,538664.0,,,
549,ACW,US,2013-02-19,4.43,4.43,4.24,4.24,4.24,378969.0,,,
549,ACW,US,2013-02-20,4.11,4.25,4.11,4.17,4.17,133422.0,,,
550,ACW,US,2013-02-21,4.23,4.235,4.1,4.12,4.12,91191.0,,,
541,ACW,US,2013-02-22,4.15,4.16,3.99,4.05,4.05,253319.0,,,
549,ACW,US,2013-02-25,4.11,4.13,4.0317,4.05,4.05,99549.0,,,
549,ACW,US,2013-02-26,4.06,4.12,4.04,4.08,4.08,97502.0,,,
549,ACW,US,2013-02-27,4.1,4.11,4.0,4.05,4.05,136805.0,,,
549,ACW,US,2013-02-28,4.01,4.13,4.01,4.07,4.07,195901.0,,,
542,ACW,US,2013-03-01,4.04,4.13,4.02,4.11,4.11,367644.0,,,
549,ACW,US,2013-03-04,4.15,4.32,4.15,4.31,4.31,393128.0,,,
549,ACW,US,2013-03-05,4.3,4.51,4.24,4.5,4.5,600062.0,,,
549,ACW,US,2013-03-06,4.49,4.49,4.22,4.4,4.4,663687.0,,,
549,ACW,US,2013-03-07,4.59,4.83,4.53,4.81,4.81,620266.0,,,
541,ACW,US,2013-03-08,4.76,4.86,4.76,4.79,4.79,333267.0,,,
549,ACW,US,2013-03-11,4.75,4.88,4.71,4.82,4.82,678064.0,,,
549,ACW,US,2013-03-12,4.84,4.94,4.84,4.89,4.89,542697.0,,,
549,ACW,US,2013-03-13,4.92,5.05,4.88,5.05,5.05,813654.0,,,
549,ACW,US,2013-03-14,5.03,5.45,5.0,5.44,5.44,1302638.0,,,
542,ACW,US,2013-03-15,5.36,5.745,5.34,5.56,5.56,641362.0,,,
550,ACW,US,2013-03-18,5.6,5.6,5.42,5.53,5.53,310140.0,,,
550,ACW,US,2013-03-19,5.57,5.64,5.48,5.62,5.62,396743.0,,,
550,ACW,US,2013-03-20,5.51,5.6,5.0,5.52,5.52,332651.0,,,
550,ACW,US,2013-03-21,5.57,5.57,5.32,5.35,5.35,357573.0,,,
542,ACW,US,2013-03-22,5.36,5.585,5.36,5.5,5.5,207671.0,,,
550,ACW,US,2013-03-25,5.57,5.58,5.44,5.5,5.5,257603.0,,,
550,ACW,US,2013-03-26,5.42,5.42,5.33,5.39,5.39,170796.0,,,
550,ACW,US,2013-03-27,5.43,5.48,5.35,5.39,5.39,140475.0,,,
550,ACW,US,2013-03-28,5.39,5.39,5.39,5.39,5.39,0.0,,,
0,ACW,US,2013-03-29,5.37,5.4,5.11,5.14,5.14,179864.0,,,
548,ACW,US,2013-04-01,5.16,5.29,5.01,5.27,5.27,245263.0,,,
550,ACW,US,2013-04-02,5.27,5.29,4.92,4.94,4.94,282729.0,,,
543,ACW,US,2013-04-03,4.92,4.94,4.8,4.85,4.85,198117.0,,,
540,ACW,US,2013-04-04,4.74,4.87,4.67,4.78,4.78,200849.0,,,
542,ACW,US,2013-04-05,4.79,4.81,4.61,4.71,4.71,270342.0,,,
550,ACW,US,2013-04-08,4.69,4.72,4.51,4.51,4.51,235285.0,,,
550,ACW,US,2013-04-09,4.5,4.8935,4.49,4.71,4.71,430788.0,,,
550,ACW,US,2013-04-10,4.72,4.8,4.68,4.8,4.8,195931.0,,,
550,ACW,US,2013-04-11,4.75,4.79,4.64,4.76,4.76,166310.0,,,
542,ACW,US,2013-04-12,4.72,4.75,4.4525,4.51,4.51,330748.0,,,
550,ACW,US,2013-04-15,4.58,4.65,4.5,4.62,4.62,131620.0,,,
550,ACW,US,2013-04-16,4.57,4.58,4.4,4.5,4.5,354076.0,,,
550,ACW,US,2013-04-17,4.5,4.56,4.47,4.48,4.48,163189.0,,,
550,ACW,US,2013-04-18,4.49,4.52,4.34,4.35,4.35,208647.0,,,
542,ACW,US,2013-04-19,4.35,4.54,4.26,4.5,4.5,113810.0,,,
550,ACW,US,2013-04-22,4.58,4.75,4.55,4.75,4.75,122587.0,,,
550,ACW,US,2013-04-23,4.73,4.77,4.3,4.75,4.75,284562.0,,,
550,ACW,US,2013-04-24,4.74,4.89,4.64,4.87,4.87,210915.0,,,
550,ACW,US,2013-04-25,4.86,4.86,4.73,4.79,4.79,439484.0,,,
543,ACW,US,2013-04-26,4.81,4.93,4.78,4.9,4.9,138668.0,,,
543,ACW,US,2013-04-29,4.91,5.22,4.91,5.14,5.14,227203.0,,,
543,ACW,US,2013-04-30,5.12,5.28,5.05,5.22,5.22,503369.0,,,
549,ACW,US,2013-05-01,5.25,5.25,5.06,5.2,5.2,247561.0,,,
551,ACW,US,2013-05-02,5.31,5.49,5.25,5.31,5.31,284970.0,,,
543,ACW,US,2013-05-03,5.35,5.485,5.33,5.35,5.35,342902.0,,,
551,ACW,US,2013-05-06,5.38,5.44,5.3,5.36,5.36,200511.0,,,
551,ACW,US,2013-05-07,5.35,5.4,5.27,5.29,5.29,87452.0,,,
551,ACW,US,2013-05-08,5.26,5.325,5.15,5.27,5.27,111415.0,,,
551,ACW,US,2013-05-09,5.3,5.32,5.13,5.22,5.22,210565.0,,,
543,ACW,US,2013-05-10,5.2,5.26,5.15,5.2,5.2,143969.0,,,
551,ACW,US,2013-05-13,5.2,5.5,5.2,5.48,5.48,280596.0,,,
551,ACW,US,2013-05-14,5.49,5.73,5.48,5.66,5.66,362931.0,,,
551,ACW,US,2013-05-15,5.65,5.83,5.47,5.5,5.5,615679.0,,,
551,ACW,US,2013-05-16,5.53,5.66,5.53,5.59,5.59,312390.0,,,
541,ACW,US,2013-05-17,5.58,5.64,5.48,5.57,5.57,165462.0,,,
550,ACW,US,2013-05-20,5.55,5.575,5.45,5.5,5.5,163879.0,,,
551,ACW,US,2013-05-21,5.49,5.61,5.15,5.29,5.29,456389.0,,,
551,ACW,US,2013-05-22,5.23,5.39,5.2,5.33,5.33,178889.0,,,
551,ACW,US,2013-05-23,5.3,5.3,5.12,5.22,5.22,83863.0,,,
543,ACW,US,2013-05-24,5.22,5.22,5.22,5.22,5.22,0.0,,,
3,ACW,US,2013-05-27,5.35,5.43,5.255,5.34,5.34,188566.0,,,
551,ACW,US,2013-05-28,5.29,5.4,5.26,5.28,5.28,79944.0,,,
551,ACW,US,2013-05-29,5.3,5.34,5.22,5.28,5.28,93072.0,,,
551,ACW,US,2013-05-30,5.21,5.29,5.12,5.12,5.12,109861.0,,,
543,ACW,US,2013-05-31,5.13,5.22,5.08,5.19,5.19,299431.0,,,
551,ACW,US,2013-06-03,5.22,5.265,5.05,5.16,5.16,118970.0,,,
551,ACW,US,2013-06-04,5.14,5.15,4.965,5.03,5.03,128187.0,,,
551,ACW,US,2013-06-05,5.05,5.07,4.815,5.04,5.04,185708.0,,,
551,ACW,US,2013-06-06,5.11,5.13,4.91,5.1,5.1,81237.0,,,
543,ACW,US,2013-06-07,5.12,5.32,5.06,5.31,5.31,89217.0,,,
544,ACW,US,2013-06-10,5.3,5.36,5.24,5.28,5.28,101726.0,,,
543,ACW,US,2013-06-11,5.36,5.36,4.96,5.12,5.12,124191.0,,,
550,ACW,US,2013-06-12,5.11,5.33,5.07,5.29,5.29,109857.0,,,
552,ACW,US,2013-06-13,5.29,5.29,5.01,5.08,5.08,78694.0,,,
543,ACW,US,2013-06-14,5.17,5.1999,4.93,4.95,4.95,190588.0,,,
550,ACW,US,2013-06-17,4.99,5.03,4.93,4.98,4.98,128021.0,,,
550,ACW,US,2013-06-18,4.99,5.02,4.87,5.0,5.0,92110.0,,,
550,ACW,US,2013-06-19,4.88,5.29,4.86,5.02,5.02,311744.0,,,
550,ACW,US,2013-06-20,5.11,5.11,4.85,5.01,5.01,284839.0,,,
542,ACW,US,2013-06-21,4.93,4.97,4.75,4.8,4.8,419795.0,,,
550,ACW,US,2013-06-24,4.87,5.1,4.8325,4.98,4.98,209309.0,,,
550,ACW,US,2013-06-25,5.0,5.06,4.89,4.91,4.91,138506.0,,,
550,ACW,US,2013-06-26,4.97,5.13,4.95,5.09,5.09,236450.0,,,
550,ACW,US,2013-06-27,5.05,5.13,4.98,5.06,5.06,1975103.0,,,
542,ACW,US,2013-06-28,5.13,5.5,5.07,5.4,5.4,270044.0,,,
547,ACW,US,2013-07-01,5.42,5.42,5.28,5.32,5.32,122481.0,,,
550,ACW,US,2013-07-02,5.27,5.377999999999999,5.27,5.3,5.3,48415.0,,,
550,ACW,US,2013-07-03,5.3,5.3,5.3,5.3,5.3,0.0,,,
3,ACW,US,2013-07-04,5.38,5.42,5.31,5.33,5.33,156806.0,,,
542,ACW,US,2013-07-05,5.35,5.43,5.35,5.38,5.38,144904.0,,,
551,ACW,US,2013-07-08,5.42,5.7,5.37,5.55,5.55,316788.0,,,
551,ACW,US,2013-07-09,5.53,5.58,5.39,5.5,5.5,319375.0,,,
551,ACW,US,2013-07-10,5.58,5.58,5.36,5.5,5.5,260540.0,,,
551,ACW,US,2013-07-11,5.48,5.51,5.36,5.49,5.49,87148.0,,,
543,ACW,US,2013-07-12,5.49,5.78,5.49,5.78,5.78,494226.0,,,
551,ACW,US,2013-07-15,5.82,6.09,5.79,6.05,6.05,575608.0,,,
551,ACW,US,2013-07-16,6.13,6.5,6.07,6.41,6.41,467491.0,,,
551,ACW,US,2013-07-17,6.46,6.88,6.433,6.66,6.66,813222.0,,,
551,ACW,US,2013-07-18,6.63,6.66,6.54,6.6,6.6,304074.0,,,
543,ACW,US,2013-07-19,6.61,6.64,6.37,6.48,6.48,301675.0,,,
552,ACW,US,2013-07-22,6.49,6.54,6.27,6.28,6.28,161178.0,,,
551,ACW,US,2013-07-23,6.31,6.33,5.8798,5.9,5.9,471408.0,,,
551,ACW,US,2013-07-24,5.9,5.9,5.72,5.75,5.75,340474.0,,,
551,ACW,US,2013-07-25,5.65,5.8,5.63,5.77,5.77,155255.0,,,
543,ACW,US,2013-07-26,5.72,5.75,5.49,5.63,5.63,381135.0,,,
552,ACW,US,2013-07-29,5.63,5.95,5.63,5.88,5.88,302194.0,,,
552,ACW,US,2013-07-30,5.92,5.94,5.68,5.72,5.72,308610.0,,,
552,ACW,US,2013-07-31,5.74,6.09,4.801,5.14,5.14,1459139.0,,,
552,ACW,US,2013-08-01,5.09,5.57,5.05,5.51,5.51,659986.0,,,
544,ACW,US,2013-08-02,5.46,5.64,5.37,5.61,5.61,517498.0,,,
551,ACW,US,2013-08-05,5.6,5.69,5.47,5.52,5.52,275092.0,,,
552,ACW,US,2013-08-06,5.48,5.48,5.24,5.33,5.33,181996.0,,,
552,ACW,US,2013-08-07,5.4,5.5,5.35,5.45,5.45,283779.0,,,
552,ACW,US,2013-08-08,5.44,5.5,5.34,5.36,5.36,131612.0,,,
544,ACW,US,2013-08-09,5.29,5.45,5.05,5.17,5.17,631617.0,,,
552,ACW,US,2013-08-12,5.2,5.29,5.18,5.23,5.23,212505.0,,,
552,ACW,US,2013-08-13,5.22,5.27,5.16,5.21,5.21,78637.0,,,
552,ACW,US,2013-08-14,5.26,5.26,5.1,5.25,5.25,238424.0,,,
552,ACW,US,2013-08-15,5.21,5.29,5.01,5.26,5.26,193653.0,,,
544,ACW,US,2013-08-16,5.26,5.27,5.17,5.21,5.21,438381.0,,,
552,ACW,US,2013-08-19,5.25,5.29,5.12,5.23,5.23,270298.0,,,
552,ACW,US,2013-08-20,5.19,5.247999999999999,5.15,5.22,5.22,236235.0,,,
552,ACW,US,2013-08-21,5.25,5.53,5.23,5.4,5.4,173334.0,,,
552,ACW,US,2013-08-22,5.47,5.58,5.4,5.58,5.58,264710.0,,,
544,ACW,US,2013-08-23,5.6,5.7,5.5,5.54,5.54,135963.0,,,
552,ACW,US,2013-08-26,5.44,5.5,5.14,5.2,5.2,175868.0,,,
552,ACW,US,2013-08-27,5.21,5.25,5.195,5.23,5.23,65777.0,,,
552,ACW,US,2013-08-28,5.23,5.3401,5.19,5.32,5.32,76417.0,,,
552,ACW,US,2013-08-29,5.36,5.44,5.205,5.24,5.24,175268.0,,,
544,ACW,US,2013-08-30,5.24,5.24,5.24,5.24,5.24,0.0,,,
2,ACW,US,2013-09-02,5.33,5.37,5.2,5.28,5.28,123532.0,,,
552,ACW,US,2013-09-03,5.28,5.2860000000000005,5.2,5.27,5.27,108820.0,,,
552,ACW,US,2013-09-04,5.26,5.35,5.24,5.3,5.3,155588.0,,,
552,ACW,US,2013-09-05,5.34,5.54,5.275,5.46,5.46,220385.0,,,
544,ACW,US,2013-09-06,5.5,5.545,5.41,5.5,5.5,585129.0,,,
553,ACW,US,2013-09-09,5.51,5.6,5.48,5.5,5.5,145880.0,,,
552,ACW,US,2013-09-10,5.47,5.5,5.44,5.49,5.49,115175.0,,,
552,ACW,US,2013-09-11,5.48,5.5,5.28,5.31,5.31,185572.0,,,
553,ACW,US,2013-09-12,5.35,5.5,5.32,5.35,5.35,105361.0,,,
544,ACW,US,2013-09-13,5.43,5.43,5.26,5.27,5.27,177233.0,,,
553,ACW,US,2013-09-16,5.27,5.37,5.22,5.23,5.23,181880.0,,,
553,ACW,US,2013-09-17,5.24,5.44,5.19,5.32,5.32,220508.0,,,
545,ACW,US,2013-09-18,5.33,5.4,5.26,5.28,5.28,62971.0,,,
545,ACW,US,2013-09-19,5.33,5.44,5.19,5.33,5.33,346226.0,,,
543,ACW,US,2013-09-20,5.33,5.33,5.19,5.22,5.22,96872.0,,,
554,ACW,US,2013-09-23,5.23,5.24,5.16,5.17,5.17,105260.0,,,
554,ACW,US,2013-09-24,5.16,5.2,5.15,5.18,5.18,228173.0,,,
554,ACW,US,2013-09-25,5.2,5.24,5.14,5.17,5.17,409548.0,,,
555,ACW,US,2013-09-26,5.12,5.19,5.0725,5.15,5.15,119547.0,,,
547,ACW,US,2013-09-27,5.15,5.35,5.14,5.14,5.14,396700.0,,,
547,ACW,US,2013-09-30,5.15,5.33,5.15,5.18,5.18,181713.0,,,
545,ACW,US,2013-10-01,5.18,5.2,4.98,5.04,5.04,210428.0,,,
548,ACW,US,2013-10-02,5.06,5.08,4.99,5.02,5.02,177068.0,,,
553,ACW,US,2013-10-03,5.0,5.15,4.984,5.09,5.09,121381.0,,,
553,ACW,US,2013-10-04,5.07,5.1,4.9,4.93,4.93,151786.0,,,
561,ACW,US,2013-10-07,4.94,4.96,4.61,4.61,4.61,299490.0,,,
561,ACW,US,2013-10-08,4.61,4.62,4.49,4.58,4.58,386107.0,,,
561,ACW,US,2013-10-09,4.68,4.89,4.68,4.86,4.86,200584.0,,,
560,ACW,US,2013-10-10,4.9,4.9601,4.87,4.93,4.93,142286.0,,,
553,ACW,US,2013-10-11,4.88,5.0,4.88,4.96,4.96,98145.0,,,
557,ACW,US,2013-10-14,4.94,4.98,4.81,4.87,4.87,94716.0,,,
561,ACW,US,2013-10-15,4.92,5.0,4.88,4.88,4.88,95564.0,,,
561,ACW,US,2013-10-16,4.85,4.9,4.77,4.84,4.84,225893.0,,,
560,ACW,US,2013-10-17,4.9,4.9,4.82,4.84,4.84,168812.0,,,
553,ACW,US,2013-10-18,4.86,4.94,4.72,4.72,4.72,163305.0,,,
555,ACW,US,2013-10-21,4.73,4.81,4.63,4.72,4.72,289857.0,,,
561,ACW,US,2013-10-22,4.68,4.78,4.68,4.75,4.75,148481.0,,,
561,ACW,US,2013-10-23,4.76,4.83,4.721,4.78,4.78,326496.0,,,
561,ACW,US,2013-10-24,4.8,4.85,4.683,4.75,4.75,160323.0,,,
553,ACW,US,2013-10-25,4.76,4.79,4.65,4.74,4.74,142173.0,,,
562,ACW,US,2013-10-28,4.74,4.8,4.55,4.68,4.68,171224.0,,,
561,ACW,US,2013-10-29,4.7,4.72,4.43,4.46,4.46,222283.0,,,
561,ACW,US,2013-10-30,4.47,4.52,4.35,4.5,4.5,404113.0,,,
561,ACW,US,2013-10-31,4.44,4.44,3.1,3.64,3.64,3462796.0,,,
553,ACW,US,2013-11-01,3.59,3.59,3.25,3.35,3.35,1678827.0,,,
561,ACW,US,2013-11-04,3.35,3.4,3.15,3.25,3.25,1496068.0,,,
562,ACW,US,2013-11-05,3.34,3.35,3.15,3.22,3.22,698185.0,,,
562,ACW,US,2013-11-06,3.26,3.26,3.11,3.18,3.18,490016.0,,,
562,ACW,US,2013-11-07,3.2,3.24,3.12,3.14,3.14,378378.0,,,
554,ACW,US,2013-11-08,3.14,3.26,3.105,3.22,3.22,445477.0,,,
562,ACW,US,2013-11-11,3.22,3.29,3.19,3.2,3.2,772048.0,,,
562,ACW,US,2013-11-12,3.16,3.31,3.16,3.29,3.29,1293246.0,,,
563,ACW,US,2013-11-13,3.3,3.4,3.25,3.35,3.35,527549.0,,,
562,ACW,US,2013-11-14,3.38,3.42,3.33,3.37,3.37,429800.0,,,
555,ACW,US,2013-11-15,3.38,3.46,3.32,3.34,3.34,404606.0,,,
563,ACW,US,2013-11-18,3.35,3.36,3.27,3.34,3.34,565249.0,,,
562,ACW,US,2013-11-19,3.35,3.36,3.29,3.31,3.31,581286.0,,,
562,ACW,US,2013-11-20,3.34,3.38,3.3,3.32,3.32,510584.0,,,
562,ACW,US,2013-11-21,3.35,3.42,3.32,3.38,3.38,843335.0,,,
554,ACW,US,2013-11-22,3.37,3.48,3.37,3.45,3.45,483124.0,,,
562,ACW,US,2013-11-25,3.43,3.54,3.43,3.45,3.45,520954.0,,,
562,ACW,US,2013-11-26,3.46,3.56,3.44,3.51,3.51,572762.0,,,
562,ACW,US,2013-11-27,3.51,3.51,3.51,3.51,3.51,0.0,,,
3,ACW,US,2013-11-28,3.52,3.59,3.5001,3.51,3.51,230869.0,,,
555,ACW,US,2013-11-29,3.52,3.54,3.36,3.38,3.38,359078.0,,,
563,ACW,US,2013-12-02,3.38,3.41,3.33,3.39,3.39,406594.0,,,
563,ACW,US,2013-12-03,3.36,3.48,3.33,3.43,3.43,229362.0,,,
563,ACW,US,2013-12-04,3.5,3.59,3.47,3.51,3.51,296764.0,,,
563,ACW,US,2013-12-05,3.54,3.58,3.51,3.56,3.56,191403.0,,,
555,ACW,US,2013-12-06,3.58,3.64,3.53,3.55,3.55,250936.0,,,
563,ACW,US,2013-12-09,3.53,3.63,3.47,3.47,3.47,218876.0,,,
563,ACW,US,2013-12-10,3.47,3.55,3.36,3.42,3.42,193856.0,,,
563,ACW,US,2013-12-11,3.43,3.52,3.43,3.49,3.49,204530.0,,,
563,ACW,US,2013-12-12,3.49,3.56,3.4575,3.54,3.54,246417.0,,,
555,ACW,US,2013-12-13,3.57,3.63,3.455,3.48,3.48,264692.0,,,
564,ACW,US,2013-12-16,3.44,3.6,3.42,3.59,3.59,156229.0,,,
563,ACW,US,2013-12-17,3.61,3.64,3.51,3.64,3.64,190897.0,,,
563,ACW,US,2013-12-18,3.62,3.67,3.585,3.62,3.62,165367.0,,,
562,ACW,US,2013-12-19,3.64,3.78,3.63,3.67,3.67,558727.0,,,
554,ACW,US,2013-12-20,3.68,3.83,3.68,3.79,3.79,200725.0,,,
563,ACW,US,2013-12-23,3.78,3.91,3.78,3.88,3.88,110721.0,,,
562,ACW,US,2013-12-24,3.88,3.88,3.88,3.88,3.88,0.0,,,
0,ACW,US,2013-12-25,3.89,3.9,3.83,3.84,3.84,101208.0,,,
560,ACW,US,2013-12-26,3.86,3.88,3.74,3.78,3.78,102997.0,,,
555,ACW,US,2013-12-27,3.78,3.93,3.78,3.79,3.79,192822.0,,,
563,ACW,US,2013-12-30,3.81,3.83,3.7,3.73,3.73,194170.0,,,
555,ACW,US,2013-12-31,3.73,3.73,3.73,3.73,3.73,0.0,,,
0,ACW,US,2014-01-01,3.72,3.82,3.58,3.69,3.69,173173.0,,,
578,ACW,US,2014-01-02,3.69,4.0,3.69,3.83,3.83,194639.0,,,
569,ACW,US,2014-01-03,3.87,4.06,3.87,4.03,4.03,308046.0,,,
577,ACW,US,2014-01-06,4.05,4.17,4.04,4.16,4.16,262210.0,,,
577,ACW,US,2014-01-07,4.15,4.31,4.15,4.23,4.23,345741.0,,,
577,ACW,US,2014-01-08,4.27,4.58,4.12,4.2,4.2,424775.0,,,
577,ACW,US,2014-01-09,4.22,4.235,4.09,4.21,4.21,101606.0,,,
569,ACW,US,2014-01-10,4.21,4.21,3.87,3.9,3.9,610322.0,,,
577,ACW,US,2014-01-13,3.9,3.98,3.83,3.89,3.89,268503.0,,,
577,ACW,US,2014-01-14,3.88,4.18,3.88,4.14,4.14,149706.0,,,
576,ACW,US,2014-01-15,4.12,4.19,4.0969,4.17,4.17,117226.0,,,
578,ACW,US,2014-01-16,4.15,4.2,4.07,4.15,4.15,181627.0,,,
570,ACW,US,2014-01-17,4.15,4.15,4.15,4.15,4.15,0.0,,,
3,ACW,US,2014-01-20,4.18,4.27,4.15,4.19,4.19,110543.0,,,
578,ACW,US,2014-01-21,4.18,4.24,4.1101,4.21,4.21,71285.0,,,
578,ACW,US,2014-01-22,4.21,4.2575,4.15,4.19,4.19,111575.0,,,
578,ACW,US,2014-01-23,4.15,4.2139999999999995,3.8,3.86,3.86,454020.0,,,
570,ACW,US,2014-01-24,3.89,3.95,3.68,3.78,3.78,273676.0,,,
578,ACW,US,2014-01-27,3.8,3.97,3.73,3.91,3.91,194422.0,,,
578,ACW,US,2014-01-28,3.85,3.92,3.73,3.82,3.82,149035.0,,,
578,ACW,US,2014-01-29,3.88,4.0,3.85,3.89,3.89,177909.0,,,
570,ACW,US,2014-01-30,3.84,3.93,3.79,3.81,3.81,181612.0,,,
568,ACW,US,2014-01-31,3.82,3.87,3.6002,3.67,3.67,250930.0,,,
568,ACW,US,2014-02-03,3.72,3.83,3.59,3.62,3.62,186348.0,,,
570,ACW,US,2014-02-04,3.61,3.65,3.44,3.52,3.52,214149.0,,,
571,ACW,US,2014-02-05,3.52,3.96,3.52,3.66,3.66,217840.0,,,
579,ACW,US,2014-02-06,3.69,3.89,3.69,3.71,3.71,183888.0,,,
571,ACW,US,2014-02-07,3.73,3.84,3.65,3.79,3.79,131918.0,,,
579,ACW,US,2014-02-10,3.78,3.96,3.71,3.95,3.95,177619.0,,,
579,ACW,US,2014-02-11,3.94,4.04,3.87,3.92,3.92,131334.0,,,
578,ACW,US,2014-02-12,3.89,4.07,3.8603,4.04,4.04,179982.0,,,
579,ACW,US,2014-02-13,4.06,4.15,3.95,3.95,3.95,160445.0,,,
572,ACW,US,2014-02-14,3.95,3.95,3.95,3.95,3.95,0.0,,,
2,ACW,US,2014-02-17,3.97,3.98,3.9,3.95,3.95,98832.0,,,
580,ACW,US,2014-02-18,3.92,3.96,3.83,3.85,3.85,200323.0,,,
580,ACW,US,2014-02-19,3.86,4.03,3.82,3.98,3.98,105628.0,,,
579,ACW,US,2014-02-20,4.0,4.09,3.97,4.05,4.05,161152.0,,,
572,ACW,US,2014-02-21,4.05,4.369,4.05,4.26,4.26,206608.0,,,
581,ACW,US,2014-02-24,4.26,4.409,4.26,4.38,4.38,189562.0,,,
581,ACW,US,2014-02-25,4.4,4.4,4.2715,4.36,4.36,105058.0,,,
581,ACW,US,2014-02-26,4.33,4.42,4.25,4.39,4.39,148027.0,,,
582,ACW,US,2014-02-27,4.41,4.53,4.375,4.41,4.41,229223.0,,,
574,ACW,US,2014-02-28,4.38,4.58,4.26,4.49,4.49,432038.0,,,
583,ACW,US,2014-03-03,4.6,5.05,4.6,4.86,4.86,589251.0,,,
583,ACW,US,2014-03-04,4.87,4.91,4.75,4.88,4.88,329379.0,,,
583,ACW,US,2014-03-05,4.9,4.95,4.8,4.87,4.87,368179.0,,,
583,ACW,US,2014-03-06,4.9,5.0,4.79,4.87,4.87,322328.0,,,
575,ACW,US,2014-03-07,4.87,4.94,4.82,4.93,4.93,206676.0,,,
583,ACW,US,2014-03-10,4.92,5.03,4.82,4.86,4.86,202184.0,,,
583,ACW,US,2014-03-11,4.84,5.0,4.83,4.98,4.98,220584.0,,,
583,ACW,US,2014-03-12,5.03,5.03,4.7,4.74,4.74,208156.0,,,
583,ACW,US,2014-03-13,4.75,4.89,4.7,4.88,4.88,238951.0,,,
575,ACW,US,2014-03-14,4.93,4.96,4.63,4.65,4.65,365868.0,,,
583,ACW,US,2014-03-17,4.67,4.7,4.47,4.49,4.49,453924.0,,,
583,ACW,US,2014-03-18,4.47,4.65,4.46,4.64,4.64,181320.0,,,
583,ACW,US,2014-03-19,4.61,4.84,4.6,4.81,4.81,272028.0,,,
583,ACW,US,2014-03-20,4.85,4.87,4.49,4.55,4.55,470979.0,,,
575,ACW,US,2014-03-21,4.56,4.57,4.38,4.46,4.46,151601.0,,,
583,ACW,US,2014-03-24,4.49,4.6,4.39,4.39,4.39,132235.0,,,
583,ACW,US,2014-03-25,4.44,4.45,4.19,4.23,4.23,184714.0,,,
583,ACW,US,2014-03-26,4.25,4.3,3.96,4.1,4.1,281192.0,,,
583,ACW,US,2014-03-27,4.11,4.3,4.05,4.06,4.06,225265.0,,,
575,ACW,US,2014-03-28,4.1,4.4499,4.1,4.43,4.43,454298.0,,,
583,ACW,US,2014-03-31,4.43,4.67,4.42,4.59,4.59,204372.0,,,
583,ACW,US,2014-04-01,4.6,4.78,4.59,4.76,4.76,165222.0,,,
583,ACW,US,2014-04-02,4.78,4.78,4.543,4.65,4.65,157792.0,,,
583,ACW,US,2014-04-03,4.71,4.71,4.4022,4.55,4.55,213696.0,,,
575,ACW,US,2014-04-04,4.54,4.64,4.454,4.57,4.57,208206.0,,,
583,ACW,US,2014-04-07,4.59,4.8,4.54,4.71,4.71,138341.0,,,
583,ACW,US,2014-04-08,4.74,4.83,4.67,4.79,4.79,73264.0,,,
582,ACW,US,2014-04-09,4.77,4.77,4.51,4.64,4.64,160554.0,,,
583,ACW,US,2014-04-10,4.58,4.6,4.43,4.54,4.54,108439.0,,,
575,ACW,US,2014-04-11,4.62,4.62,4.41,4.48,4.48,90613.0,,,
583,ACW,US,2014-04-14,4.51,4.67,4.28,4.45,4.45,126482.0,,,
583,ACW,US,2014-04-15,4.5,4.63,4.43,4.58,4.58,49364.0,,,
583,ACW,US,2014-04-16,4.57,4.77,4.518,4.74,4.74,120054.0,,,
583,ACW,US,2014-04-17,4.74,4.74,4.74,4.74,4.74,0.0,,,
0,ACW,US,2014-04-18,4.72,4.78,4.49,4.72,4.72,120385.0,,,
581,ACW,US,2014-04-21,4.75,4.87,4.69,4.87,4.87,97925.0,,,
583,ACW,US,2014-04-22,4.85,4.87,4.74,4.75,4.75,72015.0,,,
583,ACW,US,2014-04-23,4.8,4.95,4.76,4.84,4.84,141687.0,,,
583,ACW,US,2014-04-24,4.85,4.8899,4.7199,4.78,4.78,423351.0,,,
575,ACW,US,2014-04-25,5.15,5.47,4.91,4.97,4.97,1171108.0,,,
584,ACW,US,2014-04-28,5.04,5.4,5.04,5.36,5.36,1628738.0,,,
584,ACW,US,2014-04-29,5.43,5.745,5.33,5.64,5.64,1271880.0,,,
576,ACW,US,2014-04-30,5.67,5.7,5.5001,5.7,5.7,568376.0,,,
572,ACW,US,2014-05-01,5.7,5.7,5.53,5.57,5.57,374130.0,,,
575,ACW,US,2014-05-02,5.53,5.78,5.4,5.73,5.73,600387.0,,,
582,ACW,US,2014-05-05,5.75,5.91,5.46,5.47,5.47,869875.0,,,
580,ACW,US,2014-05-06,5.51,5.62,5.31,5.5,5.5,572903.0,,,
581,ACW,US,2014-05-07,5.52,5.52,5.14,5.16,5.16,279292.0,,,
582,ACW,US,2014-05-08,5.11,5.3,4.99,5.29,5.29,402990.0,,,
575,ACW,US,2014-05-09,5.36,5.71,5.31,5.67,5.67,479349.0,,,
582,ACW,US,2014-05-12,5.72,5.795,5.58,5.71,5.71,443387.0,,,
582,ACW,US,2014-05-13,5.73,5.75,5.22,5.27,5.27,423710.0,,,
582,ACW,US,2014-05-14,5.22,5.25,5.03,5.16,5.16,296131.0,,,
583,ACW,US,2014-05-15,5.14,5.31,5.08,5.26,5.26,264426.0,,,
574,ACW,US,2014-05-16,5.2,5.52,5.1508,5.51,5.51,366333.0,,,
580,ACW,US,2014-05-19,5.5,5.5,5.25,5.36,5.36,554993.0,,,
582,ACW,US,2014-05-20,5.36,5.56,5.32,5.37,5.37,558803.0,,,
582,ACW,US,2014-05-21,5.39,5.61,5.35,5.47,5.47,281987.0,,,
582,ACW,US,2014-05-22,5.49,5.6,5.42,5.59,5.59,295353.0,,,
575,ACW,US,2014-05-23,5.59,5.59,5.59,5.59,5.59,0.0,,,
3,ACW,US,2014-05-26,5.67,5.9,5.6401,5.74,5.74,408762.0,,,
582,ACW,US,2014-05-27,5.75,5.76,5.65,5.7,5.7,281888.0,,,
583,ACW,US,2014-05-28,5.71,5.73,5.54,5.55,5.55,176082.0,,,
582,ACW,US,2014-05-29,5.57,5.57,5.36,5.5,5.5,193304.0,,,
575,ACW,US,2014-05-30,5.5,5.5,5.2,5.34,5.34,304911.0,,,
580,ACW,US,2014-06-02,5.3,5.35,5.05,5.09,5.09,503450.0,,,
582,ACW,US,2014-06-03,5.08,5.28,5.0401,5.23,5.23,390296.0,,,
582,ACW,US,2014-06-04,5.22,5.495,5.22,5.31,5.31,563043.0,,,
582,ACW,US,2014-06-05,5.31,5.36,5.27,5.3,5.3,426135.0,,,
575,ACW,US,2014-06-06,5.28,5.34,5.2,5.25,5.25,280198.0,,,
582,ACW,US,2014-06-09,5.2,5.29,5.15,5.22,5.22,212677.0,,,
582,ACW,US,2014-06-10,5.2,5.2,5.02,5.06,5.06,180757.0,,,
582,ACW,US,2014-06-11,5.04,5.04,4.96,4.98,4.98,267332.0,,,
582,ACW,US,2014-06-12,5.0,5.0302,4.85,5.0,5.0,221763.0,,,
576,ACW,US,2014-06-13,5.01,5.1,4.96,5.0,5.0,219271.0,,,
584,ACW,US,2014-06-16,5.02,5.09,4.985,5.0,5.0,244465.0,,,
584,ACW,US,2014-06-17,5.07,5.09,5.02,5.09,5.09,147154.0,,,
584,ACW,US,2014-06-18,5.13,5.155,5.1,5.15,5.15,178690.0,,,
584,ACW,US,2014-06-19,5.15,5.17,5.05,5.1,5.1,401646.0,,,
576,ACW,US,2014-06-20,5.12,5.15,4.96,4.96,4.96,152593.0,,,
584,ACW,US,2014-06-23,4.96,5.07,4.73,4.74,4.74,296173.0,,,
584,ACW,US,2014-06-24,4.7,4.789,4.6,4.73,4.73,208547.0,,,
584,ACW,US,2014-06-25,4.72,4.75,4.62,4.75,4.75,110511.0,,,
584,ACW,US,2014-06-26,4.7,4.87,4.68,4.87,4.87,487202.0,,,
576,ACW,US,2014-06-27,4.84,4.9146,4.82,4.89,4.89,177402.0,,,
584,ACW,US,2014-06-30,4.89,5.05,4.89,4.99,4.99,241325.0,,,
581,ACW,US,2014-07-01,4.97,5.04,4.97,5.0,5.0,142397.0,,,
584,ACW,US,2014-07-02,5.05,5.12,5.03,5.12,5.12,109659.0,,,
585,ACW,US,2014-07-03,5.12,5.12,5.12,5.12,5.12,0.0,,,
3,ACW,US,2014-07-04,5.06,5.12,4.97,4.99,4.99,184767.0,,,
585,ACW,US,2014-07-07,4.96,5.01,4.865,4.93,4.93,190340.0,,,
585,ACW,US,2014-07-08,4.97,5.0,4.95,4.99,4.99,119770.0,,,
585,ACW,US,2014-07-09,4.8,4.97,4.8,4.92,4.92,175289.0,,,
586,ACW,US,2014-07-10,4.89,5.02,4.89,4.99,4.99,152437.0,,,
578,ACW,US,2014-07-11,5.09,5.2599,5.01,5.1,5.1,413394.0,,,
585,ACW,US,2014-07-14,5.1,5.27,4.98,5.08,5.08,488610.0,,,
586,ACW,US,2014-07-15,5.12,5.26,5.07,5.1,5.1,216775.0,,,
586,ACW,US,2014-07-16,5.04,5.08,4.9,4.92,4.92,215298.0,,,
586,ACW,US,2014-07-17,4.91,5.16,4.91,5.12,5.12,235284.0,,,
579,ACW,US,2014-07-18,5.05,5.127999999999999,4.99,5.08,5.08,142848.0,,,
586,ACW,US,2014-07-21,5.12,5.229,5.12,5.19,5.19,208087.0,,,
587,ACW,US,2014-07-22,5.21,5.26,5.06,5.15,5.15,166966.0,,,
587,ACW,US,2014-07-23,5.19,5.24,5.04,5.11,5.11,182812.0,,,
586,ACW,US,2014-07-24,5.01,5.08,4.91,4.97,4.97,181596.0,,,
580,ACW,US,2014-07-25,5.59,5.75,5.19,5.21,5.21,876966.0,,,
587,ACW,US,2014-07-28,5.19,5.36,5.07,5.1,5.1,351618.0,,,
587,ACW,US,2014-07-29,5.17,5.19,5.08,5.11,5.11,215279.0,,,
588,ACW,US,2014-07-30,5.0,5.122999999999999,4.96,5.0,5.0,409712.0,,,
587,ACW,US,2014-07-31,4.98,5.07,4.85,4.93,4.93,256919.0,,,
580,ACW,US,2014-08-01,4.95,4.98,4.85,4.92,4.92,259264.0,,,
587,ACW,US,2014-08-04,4.92,5.11,4.89,4.95,4.95,225280.0,,,
587,ACW,US,2014-08-05,4.9,4.93,4.8,4.83,4.83,251566.0,,,
588,ACW,US,2014-08-06,4.83,4.96,4.68,4.71,4.71,203747.0,,,
588,ACW,US,2014-08-07,4.72,5.0,4.72,4.92,4.92,199411.0,,,
580,ACW,US,2014-08-08,4.95,5.05,4.84,4.85,4.85,206145.0,,,
587,ACW,US,2014-08-11,4.82,5.05,4.82,5.04,5.04,150335.0,,,
587,ACW,US,2014-08-12,5.05,5.07,4.9415,5.01,5.01,85460.0,,,
587,ACW,US,2014-08-13,5.0,5.05,4.95,5.03,5.03,86439.0,,,
587,ACW,US,2014-08-14,5.05,5.09,4.87,5.05,5.05,182359.0,,,
578,ACW,US,2014-08-15,5.07,5.1,5.03,5.05,5.05,176815.0,,,
588,ACW,US,2014-08-18,5.04,5.0999,5.0,5.05,5.05,106734.0,,,
588,ACW,US,2014-08-19,5.0,5.04,4.88,5.01,5.01,166140.0,,,
588,ACW,US,2014-08-20,4.99,5.03,4.89,4.91,4.91,64281.0,,,
588,ACW,US,2014-08-21,4.91,4.94,4.75,4.76,4.76,118929.0,,,
581,ACW,US,2014-08-22,4.78,4.85,4.62,4.65,4.65,181698.0,,,
589,ACW,US,2014-08-25,4.65,4.72,4.54,4.71,4.71,207153.0,,,
589,ACW,US,2014-08-26,4.7,4.76,4.61,4.75,4.75,124145.0,,,
589,ACW,US,2014-08-27,4.7,4.7,4.56,4.61,4.61,89025.0,,,
588,ACW,US,2014-08-28,4.6,4.64,4.51,4.56,4.56,145483.0,,,
582,ACW,US,2014-08-29,4.56,4.56,4.56,4.56,4.56,0.0,,,
2,ACW,US,2014-09-01,4.54,4.66,4.54,4.62,4.62,114867.0,,,
591,ACW,US,2014-09-02,4.64,4.65,4.52,4.52,4.52,121945.0,,,
590,ACW,US,2014-09-03,4.53,4.58,4.28,4.35,4.35,217736.0,,,
591,ACW,US,2014-09-04,4.35,4.4,4.25,4.36,4.36,258268.0,,,
583,ACW,US,2014-09-05,4.36,4.56,4.35,4.48,4.48,175087.0,,,
590,ACW,US,2014-09-08,4.49,4.54,4.42,4.51,4.51,111297.0,,,
587,ACW,US,2014-09-09,4.5,4.53,4.43,4.49,4.49,212776.0,,,
589,ACW,US,2014-09-10,4.43,4.65,4.43,4.62,4.62,151246.0,,,
591,ACW,US,2014-09-11,4.63,4.63,4.48,4.49,4.49,98290.0,,,
583,ACW,US,2014-09-12,4.46,4.53,4.38,4.49,4.49,141197.0,,,
588,ACW,US,2014-09-15,4.46,4.53,4.46,4.5,4.5,82523.0,,,
589,ACW,US,2014-09-16,4.48,4.63,4.48,4.53,4.53,114135.0,,,
590,ACW,US,2014-09-17,4.55,4.571000000000001,4.4830000000000005,4.55,4.55,93649.0,,,
590,ACW,US,2014-09-18,4.56,4.62,4.43,4.47,4.47,201071.0,,,
583,ACW,US,2014-09-19,4.42,4.52,4.32,4.45,4.45,147869.0,,,
592,ACW,US,2014-09-22,4.44,4.48,4.18,4.25,4.25,135388.0,,,
593,ACW,US,2014-09-23,4.28,4.31,4.15,4.16,4.16,121341.0,,,
593,ACW,US,2014-09-24,4.17,4.2,3.97,4.12,4.12,155466.0,,,
592,ACW,US,2014-09-25,4.13,4.14,4.0,4.03,4.03,113503.0,,,
585,ACW,US,2014-09-26,4.0,4.03,3.88,3.89,3.89,94405.0,,,
592,ACW,US,2014-09-29,3.88,3.95,3.75,3.79,3.79,242026.0,,,
586,ACW,US,2014-09-30,3.77,3.85,3.68,3.68,3.68,131871.0,,,
583,ACW,US,2014-10-01,3.7,3.77,3.6,3.69,3.69,113561.0,,,
584,ACW,US,2014-10-02,3.76,3.84,3.7239999999999998,3.83,3.83,104359.0,,,
586,ACW,US,2014-10-03,3.86,3.9,3.75,3.8,3.8,165860.0,,,
587,ACW,US,2014-10-06,3.76,3.83,3.7,3.75,3.75,136468.0,,,
594,ACW,US,2014-10-07,3.75,3.86,3.54,3.84,3.84,230015.0,,,
593,ACW,US,2014-10-08,3.83,4.05,3.72,4.01,4.01,229004.0,,,
593,ACW,US,2014-10-09,3.95,4.042,3.85,3.91,3.91,246573.0,,,
586,ACW,US,2014-10-10,3.93,4.3,3.89,3.99,3.99,172094.0,,,
592,ACW,US,2014-10-13,4.05,4.35,4.03,4.18,4.18,199304.0,,,
593,ACW,US,2014-10-14,4.15,4.35,4.05,4.28,4.28,279301.0,,,
593,ACW,US,2014-10-15,4.23,4.49,4.23,4.46,4.46,301068.0,,,
593,ACW,US,2014-10-16,4.51,4.516,4.26,4.31,4.31,208066.0,,,
585,ACW,US,2014-10-17,4.29,4.42,4.25,4.29,4.29,84646.0,,,
594,ACW,US,2014-10-20,4.3,4.47,4.3,4.43,4.43,78925.0,,,
593,ACW,US,2014-10-21,4.39,4.44,4.29,4.3,4.3,87025.0,,,
593,ACW,US,2014-10-22,4.35,4.37,4.25,4.29,4.29,102059.0,,,
593,ACW,US,2014-10-23,4.3,4.35,4.2,4.28,4.28,121256.0,,,
585,ACW,US,2014-10-24,4.5,4.86,4.5,4.66,4.66,355062.0,,,
593,ACW,US,2014-10-27,4.72,5.0,4.72,4.82,4.82,392998.0,,,
593,ACW,US,2014-10-28,4.86,4.97,4.77,4.96,4.96,181684.0,,,
593,ACW,US,2014-10-29,4.74,4.9,4.69,4.87,4.87,179399.0,,,
594,ACW,US,2014-10-30,5.12,5.12,4.8,4.82,4.82,406578.0,,,
585,ACW,US,2014-10-31,5.0,5.06,4.6,4.74,4.74,474945.0,,,
593,ACW,US,2014-11-03,4.75,4.83,4.6625,4.71,4.71,222526.0,,,
594,ACW,US,2014-11-04,4.75,4.95,4.75,4.93,4.93,364802.0,,,
594,ACW,US,2014-11-05,4.95,5.07,4.89,4.96,4.96,326964.0,,,
593,ACW,US,2014-11-06,4.95,5.0,4.81,4.95,4.95,250022.0,,,
585,ACW,US,2014-11-07,4.93,4.94,4.78,4.85,4.85,137689.0,,,
593,ACW,US,2014-11-10,4.82,4.84,4.74,4.75,4.75,111375.0,,,
594,ACW,US,2014-11-11,4.74,4.9,4.69,4.87,4.87,179399.0,,,
594,ACW,US,2014-11-12,4.91,4.96,4.76,4.78,4.78,54817.0,,,
594,ACW,US,2014-11-13,4.8,4.84,4.63,4.81,4.81,200926.0,,,
586,ACW,US,2014-11-14,4.81,4.95,4.72,4.92,4.92,173168.0,,,
594,ACW,US,2014-11-17,4.95,5.03,4.89,4.93,4.93,249583.0,,,
594,ACW,US,2014-11-18,4.85,4.92,4.73,4.88,4.88,263826.0,,,
595,ACW,US,2014-11-19,4.84,5.05,4.72,4.83,4.83,332914.0,,,
593,ACW,US,2014-11-20,4.92,5.0,4.81,4.85,4.85,181084.0,,,
586,ACW,US,2014-11-21,4.86,5.02,4.85,4.99,4.99,145368.0,,,
595,ACW,US,2014-11-24,5.0,5.0,4.76,4.85,4.85,155612.0,,,
593,ACW,US,2014-11-25,4.84,4.88,4.81,4.83,4.83,85619.0,,,
594,ACW,US,2014-11-26,4.83,4.83,4.83,4.83,4.83,0.0,,,
3,ACW,US,2014-11-27,4.83,4.89,4.68,4.68,4.68,65574.0,,,
587,ACW,US,2014-11-28,4.65,4.69,4.32,4.32,4.32,187028.0,,,
594,ACW,US,2014-12-01,4.32,4.5575,4.32,4.38,4.38,232318.0,,,
593,ACW,US,2014-12-02,4.4,4.65,4.4,4.64,4.64,229624.0,,,
595,ACW,US,2014-12-03,4.66,4.745,4.6,4.72,4.72,121236.0,,,
594,ACW,US,2014-12-04,4.68,4.78,4.67,4.72,4.72,130759.0,,,
587,ACW,US,2014-12-05,4.72,4.72,4.45,4.62,4.62,374810.0,,,
595,ACW,US,2014-12-08,4.56,4.77,4.46,4.75,4.75,204384.0,,,
596,ACW,US,2014-12-09,4.74,4.81,4.66,4.66,4.66,279270.0,,,
594,ACW,US,2014-12-10,4.7,4.81,4.63,4.71,4.71,92454.0,,,
595,ACW,US,2014-12-11,4.63,4.66,4.55,4.57,4.57,113049.0,,,
588,ACW,US,2014-12-12,4.57,4.62,4.516,4.54,4.54,137105.0,,,
596,ACW,US,2014-12-15,4.5,4.52,4.37,4.38,4.38,162902.0,,,
598,ACW,US,2014-12-16,4.37,4.45,4.33,4.4,4.4,168610.0,,,
597,ACW,US,2014-12-17,4.47,4.5360000000000005,4.37,4.43,4.43,146671.0,,,
596,ACW,US,2014-12-18,4.4,4.44,4.32,4.35,4.35,479346.0,,,
590,ACW,US,2014-12-19,4.38,4.41,4.25,4.35,4.35,149032.0,,,
596,ACW,US,2014-12-22,4.36,4.37,4.2410000000000005,4.29,4.29,94216.0,,,
597,ACW,US,2014-12-23,4.28,4.41,4.28,4.3,4.3,132598.0,,,
597,ACW,US,2014-12-24,4.3,4.3,4.3,4.3,4.3,0.0,,,
0,ACW,US,2014-12-25,4.33,4.47,4.33,4.44,4.44,133422.0,,,
586,ACW,US,2014-12-26,4.4,4.58,4.4,4.46,4.46,121514.0,,,
596,ACW,US,2014-12-29,4.46,4.51,4.34,4.42,4.42,68588.0,,,
597,ACW,US,2014-12-30,4.43,4.46,4.34,4.34,4.34,87866.0,,,
589,ACW,US,2014-12-31,4.34,4.34,4.34,4.34,4.34,0.0,,,
0,ACW,US,2015-01-01,4.34,4.49,4.25,4.44,4.44,82203.0,,,
598,ACW,US,2015-01-02,4.43,4.49,4.35,4.37,4.37,94657.0,,,
606,ACW,US,2015-01-05,4.38,4.38,4.1468,4.28,4.28,184105.0,,,
606,ACW,US,2015-01-06,4.37,4.66,4.36,4.6,4.6,213643.0,,,
606,ACW,US,2015-01-07,4.66,4.77,4.65,4.76,4.76,114525.0,,,
606,ACW,US,2015-01-08,4.78,4.899,4.68,4.72,4.72,124976.0,,,
599,ACW,US,2015-01-09,4.74,4.74,4.6,4.63,4.63,55323.0,,,
606,ACW,US,2015-01-12,4.68,4.76,4.49,4.58,4.58,95591.0,,,
606,ACW,US,2015-01-13,4.54,4.7,4.47,4.56,4.56,76065.0,,,
606,ACW,US,2015-01-14,4.58,4.58,4.45,4.46,4.46,90536.0,,,
607,ACW,US,2015-01-15,4.43,4.515,4.42,4.5,4.5,53102.0,,,
598,ACW,US,2015-01-16,4.5,4.5,4.5,4.5,4.5,0.0,,,
3,ACW,US,2015-01-19,4.59,4.59,4.45,4.49,4.49,58787.0,,,
606,ACW,US,2015-01-20,4.49,4.497,4.43,4.46,4.46,53416.0,,,
606,ACW,US,2015-01-21,4.5,4.59,4.44,4.52,4.52,93619.0,,,
606,ACW,US,2015-01-22,4.54,4.57,4.46,4.52,4.52,37018.0,,,
598,ACW,US,2015-01-23,4.5,4.61,4.47,4.55,4.55,55662.0,,,
606,ACW,US,2015-01-26,4.48,4.51,4.4,4.47,4.47,94819.0,,,
607,ACW,US,2015-01-27,4.46,4.48,4.28,4.31,4.31,73250.0,,,
607,ACW,US,2015-01-28,4.324,4.36,4.28,4.36,4.36,67713.0,,,
607,ACW,US,2015-01-29,4.31,4.42,4.28,4.4,4.4,138770.0,,,
599,ACW,US,2015-01-30,4.43,4.46,4.39,4.45,4.45,86804.0,,,
607,ACW,US,2015-02-02,4.49,4.7,4.49,4.7,4.7,106434.0,,,
608,ACW,US,2015-02-03,4.67,4.83,4.67,4.77,4.77,94022.0,,,
607,ACW,US,2015-02-04,4.78,4.878,4.77,4.85,4.85,73695.0,,,
607,ACW,US,2015-02-05,4.87,4.9722,4.85,4.88,4.88,61301.0,,,
601,ACW,US,2015-02-06,4.88,5.01,4.82,4.83,4.83,69070.0,,,
608,ACW,US,2015-02-09,4.85,4.89,4.8,4.87,4.87,53140.0,,,
608,ACW,US,2015-02-10,5.1,5.1,4.82,4.88,4.88,183315.0,,,
608,ACW,US,2015-02-11,4.99,5.1,4.9,5.09,5.09,277826.0,,,
609,ACW,US,2015-02-12,5.09,5.187,5.07,5.13,5.13,251598.0,,,
600,ACW,US,2015-02-13,5.13,5.13,5.13,5.13,5.13,0.0,,,
2,ACW,US,2015-02-16,5.16,5.26,5.13,5.14,5.14,214114.0,,,
600,ACW,US,2015-02-17,5.13,5.23,5.12,5.18,5.18,119684.0,,,
601,ACW,US,2015-02-18,5.15,5.3,5.15,5.27,5.27,78668.0,,,
599,ACW,US,2015-02-19,5.28,5.4,5.18,5.32,5.32,181556.0,,,
598,ACW,US,2015-02-20,5.39,5.46,5.32,5.36,5.36,227059.0,,,
600,ACW,US,2015-02-23,5.42,5.45,5.36,5.37,5.37,131491.0,,,
608,ACW,US,2015-02-24,5.37,5.37,5.261,5.3,5.3,100910.0,,,
608,ACW,US,2015-02-25,5.28,5.36,5.25,5.31,5.31,108754.0,,,
608,ACW,US,2015-02-26,5.34,5.41,5.25,5.39,5.39,378395.0,,,
600,ACW,US,2015-02-27,5.45,5.47,5.27,5.32,5.32,317084.0,,,
608,ACW,US,2015-03-02,5.13,5.2066,4.82,4.86,4.86,338113.0,,,
608,ACW,US,2015-03-03,4.85,5.01,4.78,5.01,5.01,190375.0,,,
608,ACW,US,2015-03-04,5.0,5.05,4.82,4.97,4.97,209904.0,,,
608,ACW,US,2015-03-05,4.91,5.0,4.68,4.72,4.72,197062.0,,,
600,ACW,US,2015-03-06,4.63,4.715,4.48,4.64,4.64,372841.0,,,
608,ACW,US,2015-03-09,4.61,4.66,4.531000000000001,4.62,4.62,109768.0,,,
609,ACW,US,2015-03-10,4.65,4.65,4.48,4.58,4.58,208317.0,,,
608,ACW,US,2015-03-11,4.59,4.85,4.59,4.8,4.8,166884.0,,,
608,ACW,US,2015-03-12,4.77,4.77,4.54,4.76,4.76,171801.0,,,
601,ACW,US,2015-03-13,4.76,4.8,4.48,4.52,4.52,291388.0,,,
609,ACW,US,2015-03-16,4.53,4.6,4.43,4.45,4.45,119975.0,,,
609,ACW,US,2015-03-17,4.44,4.66,4.38,4.64,4.64,199349.0,,,
608,ACW,US,2015-03-18,4.6,4.71,4.49,4.7,4.7,176002.0,,,
609,ACW,US,2015-03-19,4.73,4.73,4.51,4.52,4.52,427805.0,,,
601,ACW,US,2015-03-20,4.54,4.66,4.51,4.61,4.61,121670.0,,,
608,ACW,US,2015-03-23,4.62,4.67,4.53,4.55,4.55,79100.0,,,
608,ACW,US,2015-03-24,4.55,4.64,4.46,4.6,4.6,181289.0,,,
608,ACW,US,2015-03-25,4.59,4.64,4.5,4.5,4.5,113417.0,,,
609,ACW,US,2015-03-26,4.49,4.51,4.38,4.39,4.39,159259.0,,,
601,ACW,US,2015-03-27,4.45,4.72,4.45,4.61,4.61,205564.0,,,
609,ACW,US,2015-03-30,4.51,4.74,4.51,4.66,4.66,312309.0,,,
608,ACW,US,2015-03-31,4.66,4.94,4.66,4.9,4.9,200287.0,,,
608,ACW,US,2015-04-01,4.96,5.0,4.84,4.92,4.92,158273.0,,,
608,ACW,US,2015-04-02,4.92,4.92,4.92,4.92,4.92,0.0,,,
0,ACW,US,2015-04-03,4.91,4.99,4.82,4.83,4.83,110778.0,,,
606,ACW,US,2015-04-06,4.84,4.94,4.8,4.81,4.81,102482.0,,,
606,ACW,US,2015-04-07,4.84,4.85,4.65,4.74,4.74,83502.0,,,
608,ACW,US,2015-04-08,4.72,4.79,4.49,4.52,4.52,163689.0,,,
608,ACW,US,2015-04-09,4.58,4.62,4.5,4.59,4.59,121787.0,,,
600,ACW,US,2015-04-10,4.57,4.6676,4.5,4.6,4.6,97172.0,,,
608,ACW,US,2015-04-13,4.58,4.7099,4.49,4.62,4.62,124616.0,,,
609,ACW,US,2015-04-14,4.66,4.77,4.63,4.7,4.7,89489.0,,,
609,ACW,US,2015-04-15,4.7,4.77,4.56,4.63,4.63,79145.0,,,
610,ACW,US,2015-04-16,4.61,4.61,4.45,4.46,4.46,183317.0,,,
601,ACW,US,2015-04-17,4.49,4.56,4.49,4.52,4.52,61211.0,,,
609,ACW,US,2015-04-20,4.53,4.6,4.41,4.51,4.51,149413.0,,,
609,ACW,US,2015-04-21,4.53,4.59,4.45,4.58,4.58,78488.0,,,
609,ACW,US,2015-04-22,4.58,4.69,4.57,4.67,4.67,83873.0,,,
609,ACW,US,2015-04-23,4.7,4.77,4.66,4.77,4.77,157538.0,,,
601,ACW,US,2015-04-24,4.69,4.69,4.25,4.4,4.4,390856.0,,,
609,ACW,US,2015-04-27,4.58,4.58,4.25,4.31,4.31,253637.0,,,
609,ACW,US,2015-04-28,4.25,4.32,4.25,4.27,4.27,118383.0,,,
611,ACW,US,2015-04-29,4.25,4.31,4.01,4.08,4.08,389288.0,,,
603,ACW,US,2015-04-30,4.04,4.11,3.85,3.89,3.89,370274.0,,,
601,ACW,US,2015-05-01,4.08,4.2099,4.02,4.02,4.02,414158.0,,,
612,ACW,US,2015-05-04,4.09,4.2,3.925,3.95,3.95,195682.0,,,
611,ACW,US,2015-05-05,4.0,4.06,3.93,3.98,3.98,149819.0,,,
611,ACW,US,2015-05-06,3.97,4.066,3.92,3.93,3.93,160446.0,,,
611,ACW,US,2015-05-07,3.98,4.0234,3.93,3.99,3.99,110004.0,,,
604,ACW,US,2015-05-08,4.01,4.09,3.97,4.01,4.01,93113.0,,,
612,ACW,US,2015-05-11,4.0,4.03,3.82,3.9,3.9,129996.0,,,
612,ACW,US,2015-05-12,3.88,4.01,3.88,3.98,3.98,85636.0,,,
612,ACW,US,2015-05-13,4.01,4.1,3.98,4.02,4.02,86927.0,,,
612,ACW,US,2015-05-14,4.03,4.07,3.96,4.0,4.0,60972.0,,,
604,ACW,US,2015-05-15,4.0,4.06,3.905,3.97,3.97,124919.0,,,
612,ACW,US,2015-05-18,4.05,4.1,3.97,4.0,4.0,163105.0,,,
612,ACW,US,2015-05-19,4.2,4.218,4.08,4.09,4.09,240695.0,,,
612,ACW,US,2015-05-20,4.1,4.19,3.96,4.13,4.13,190156.0,,,
612,ACW,US,2015-05-21,4.17,4.18,3.95,4.02,4.02,170978.0,,,
605,ACW,US,2015-05-22,4.02,4.02,4.02,4.02,4.02,0.0,,,
1,ACW,US,2015-05-25,4.0,4.09,3.85,4.06,4.06,203241.0,,,
613,ACW,US,2015-05-26,4.09,4.26,4.0092,4.24,4.24,165177.0,,,
613,ACW,US,2015-05-27,4.21,4.26,4.1,4.22,4.22,152449.0,,,
613,ACW,US,2015-05-28,4.22,4.38,4.14,4.33,4.33,203550.0,,,
606,ACW,US,2015-05-29,4.37,4.66,4.27,4.56,4.56,277113.0,,,
613,ACW,US,2015-06-01,4.53,4.67,4.53,4.62,4.62,217446.0,,,
613,ACW,US,2015-06-02,4.65,4.66,4.44,4.53,4.53,157314.0,,,
613,ACW,US,2015-06-03,4.49,4.55,4.3451,4.44,4.44,125025.0,,,
614,ACW,US,2015-06-04,4.42,4.4488,4.12,4.2,4.2,281335.0,,,
606,ACW,US,2015-06-05,4.16,4.26,4.12,4.2,4.2,134985.0,,,
613,ACW,US,2015-06-08,4.19,4.21,4.1,4.12,4.12,121838.0,,,
614,ACW,US,2015-06-09,4.16,4.24,4.115,4.17,4.17,148715.0,,,
614,ACW,US,2015-06-10,4.19,4.19,4.115,4.16,4.16,77146.0,,,
614,ACW,US,2015-06-11,4.16,4.23,4.11,4.22,4.22,61258.0,,,
605,ACW,US,2015-06-12,4.15,4.17,3.96,4.01,4.01,305552.0,,,
613,ACW,US,2015-06-15,4.02,4.08,4.0,4.02,4.02,152547.0,,,
614,ACW,US,2015-06-16,4.04,4.07,3.99,4.0,4.0,98403.0,,,
613,ACW,US,2015-06-17,4.02,4.09,4.02,4.07,4.07,102565.0,,,
614,ACW,US,2015-06-18,4.05,4.16,4.01,4.01,4.01,333037.0,,,
605,ACW,US,2015-06-19,4.02,4.11,4.02,4.09,4.09,137909.0,,,
615,ACW,US,2015-06-22,4.04,4.11,4.0,4.06,4.06,129758.0,,,
614,ACW,US,2015-06-23,4.03,4.08,4.0,4.01,4.01,103218.0,,,
614,ACW,US,2015-06-24,4.04,4.04,3.965,3.99,3.99,124319.0,,,
614,ACW,US,2015-06-25,4.0,4.0,3.94,3.94,3.94,215647.0,,,
606,ACW,US,2015-06-26,3.9,3.93,3.82,3.83,3.83,205907.0,,,
614,ACW,US,2015-06-29,3.93,3.93,3.79,3.85,3.85,220395.0,,,
615,ACW,US,2015-06-30,3.89,3.94,3.85,3.87,3.87,104835.0,,,
612,ACW,US,2015-07-01,3.9,3.912,3.83,3.87,3.87,95632.0,,,
615,ACW,US,2015-07-02,3.87,3.87,3.87,3.87,3.87,0.0,,,
3,ACW,US,2015-07-03,3.85,3.88,3.75,3.77,3.77,136081.0,,,
615,ACW,US,2015-07-06,3.72,3.795,3.6,3.72,3.72,239238.0,,,
615,ACW,US,2015-07-07,3.68,3.72,3.62,3.65,3.65,151386.0,,,
615,ACW,US,2015-07-08,3.71,3.71,3.6,3.63,3.63,215704.0,,,
615,ACW,US,2015-07-09,3.66,3.69,3.55,3.56,3.56,169830.0,,,
607,ACW,US,2015-07-10,3.6,3.8201,3.5694,3.76,3.76,210317.0,,,
615,ACW,US,2015-07-13,3.82,3.82,3.69,3.7,3.7,135339.0,,,
615,ACW,US,2015-07-14,3.73,3.89,3.73,3.89,3.89,377020.0,,,
615,ACW,US,2015-07-15,3.92,3.96,3.8,3.81,3.81,168184.0,,,
615,ACW,US,2015-07-16,3.8,3.81,3.66,3.78,3.78,165913.0,,,
607,ACW,US,2015-07-17,3.75,3.775,3.65,3.7,3.7,171154.0,,,
615,ACW,US,2015-07-20,3.72,3.76,3.67,3.7,3.7,94899.0,,,
615,ACW,US,2015-07-21,3.7,3.7316,3.7,3.7,3.7,66522.0,,,
615,ACW,US,2015-07-22,3.72,3.73,3.66,3.71,3.71,122550.0,,,
615,ACW,US,2015-07-23,3.68,3.77,3.49,3.51,3.51,244940.0,,,
607,ACW,US,2015-07-24,3.51,4.03,3.39,4.02,4.02,378214.0,,,
615,ACW,US,2015-07-27,4.02,4.19,3.97,4.13,4.13,308106.0,,,
615,ACW,US,2015-07-28,4.07,4.075,3.9905,4.04,4.04,367851.0,,,
615,ACW,US,2015-07-29,3.98,4.12,3.96,4.1,4.1,233920.0,,,
615,ACW,US,2015-07-30,4.09,4.15,4.0,4.07,4.07,129189.0,,,
608,ACW,US,2015-07-31,4.07,4.13,4.01,4.06,4.06,216884.0,,,
615,ACW,US,2015-08-03,4.05,4.0876,3.98,4.04,4.04,104963.0,,,
617,ACW,US,2015-08-04,4.06,4.08,3.98,3.99,3.99,146467.0,,,
617,ACW,US,2015-08-05,4.0,4.1,3.91,4.08,4.08,103922.0,,,
617,ACW,US,2015-08-06,4.02,4.0680000000000005,3.92,3.99,3.99,112161.0,,,
609,ACW,US,2015-08-07,3.98,4.08,3.98,4.01,4.01,117360.0,,,
617,ACW,US,2015-08-10,4.03,4.03,3.84,3.88,3.88,152133.0,,,
617,ACW,US,2015-08-11,3.83,3.93,3.83,3.92,3.92,54638.0,,,
617,ACW,US,2015-08-12,3.91,3.93,3.61,3.66,3.66,213315.0,,,
617,ACW,US,2015-08-13,3.67,3.81,3.64,3.8,3.8,107355.0,,,
609,ACW,US,2015-08-14,3.83,3.87,3.73,3.75,3.75,182421.0,,,
617,ACW,US,2015-08-17,3.73,3.8,3.73,3.78,3.78,109402.0,,,
617,ACW,US,2015-08-18,3.78,3.81,3.74,3.74,3.74,97016.0,,,
617,ACW,US,2015-08-19,3.73,3.75,3.62,3.64,3.64,151489.0,,,
617,ACW,US,2015-08-20,3.56,3.63,3.5,3.54,3.54,206747.0,,,
609,ACW,US,2015-08-21,3.19,3.6,3.14,3.46,3.46,174040.0,,,
617,ACW,US,2015-08-24,3.58,3.58,3.24,3.25,3.25,264181.0,,,
617,ACW,US,2015-08-25,3.3,3.37,3.18,3.32,3.32,228687.0,,,
617,ACW,US,2015-08-26,3.37,3.4,3.27,3.33,3.33,148063.0,,,
617,ACW,US,2015-08-27,3.34,3.46,3.31,3.39,3.39,145168.0,,,
609,ACW,US,2015-08-28,3.39,3.4685,3.38,3.39,3.39,115400.0,,,
617,ACW,US,2015-08-31,3.34,3.37,3.26,3.31,3.31,99025.0,,,
617,ACW,US,2015-09-01,3.28,3.34,3.22,3.27,3.27,178655.0,,,
609,ACW,US,2015-09-02,3.26,3.3,3.24,3.26,3.26,77767.0,,,
607,ACW,US,2015-09-03,3.21,3.3,3.21,3.28,3.28,80356.0,,,
609,ACW,US,2015-09-04,3.28,3.28,3.28,3.28,3.28,0.0,,,
2,ACW,US,2015-09-07,3.31,3.34,3.25,3.3,3.3,101917.0,,,
617,ACW,US,2015-09-08,3.33,3.38,3.29,3.29,3.29,78991.0,,,
617,ACW,US,2015-09-09,3.27,3.301,3.22,3.29,3.29,69448.0,,,
617,ACW,US,2015-09-10,3.25,3.35,3.22,3.27,3.27,94021.0,,,
609,ACW,US,2015-09-11,3.31,3.31,3.2,3.23,3.23,50656.0,,,
617,ACW,US,2015-09-14,3.22,3.32,3.17,3.3,3.3,58886.0,,,
617,ACW,US,2015-09-15,3.29,3.33,3.24,3.29,3.29,69072.0,,,
617,ACW,US,2015-09-16,3.24,3.28,3.07,3.09,3.09,302727.0,,,
617,ACW,US,2015-09-17,3.04,3.1,2.98,3.1,3.1,435874.0,,,
609,ACW,US,2015-09-18,3.13,3.14,3.01,3.02,3.02,160451.0,,,
617,ACW,US,2015-09-21,3.01,3.01,2.85,2.86,2.86,315575.0,,,
617,ACW,US,2015-09-22,2.86,2.86,2.55,2.65,2.65,383690.0,,,
617,ACW,US,2015-09-23,2.65,2.65,2.59,2.62,2.62,278842.0,,,
617,ACW,US,2015-09-24,2.64,2.81,2.32,2.81,2.81,632265.0,,,
609,ACW,US,2015-09-25,2.81,2.81,2.575,2.75,2.75,217183.0,,,
615,ACW,US,2015-09-28,2.8,2.8,2.7,2.77,2.77,224268.0,,,
617,ACW,US,2015-09-29,2.78,2.81,2.73,2.77,2.77,172582.0,,,
609,ACW,US,2015-09-30,2.76,2.79,2.7,2.75,2.75,144305.0,,,
607,ACW,US,2015-10-01,2.74,2.82,2.73,2.81,2.81,116844.0,,,
609,ACW,US,2015-10-02,2.77,2.95,2.77,2.95,2.95,309308.0,,,
609,ACW,US,2015-10-05,2.93,3.11,2.91,3.04,3.04,224057.0,,,
609,ACW,US,2015-10-06,3.06,3.09,3.04,3.09,3.09,117868.0,,,
618,ACW,US,2015-10-07,3.07,3.27,3.05,3.27,3.27,111552.0,,,
619,ACW,US,2015-10-08,3.3,3.3,3.17,3.3,3.3,114611.0,,,
612,ACW,US,2015-10-09,3.36,3.4,3.09,3.19,3.19,117907.0,,,
619,ACW,US,2015-10-12,3.18,3.19,3.02,3.02,3.02,71575.0,,,
620,ACW,US,2015-10-13,3.01,3.02,2.93,3.0,3.0,116297.0,,,
620,ACW,US,2015-10-14,3.0,3.15,3.0,3.08,3.08,110365.0,,,
620,ACW,US,2015-10-15,3.1,3.11,2.93,2.98,2.98,81696.0,,,
612,ACW,US,2015-10-16,2.97,2.98,2.88,2.91,2.91,141329.0,,,
621,ACW,US,2015-10-19,2.9,2.96,2.88,2.89,2.89,72806.0,,,
621,ACW,US,2015-10-20,2.9,2.9,2.79,2.79,2.79,108852.0,,,
619,ACW,US,2015-10-21,2.81,2.91,2.75,2.75,2.75,93342.0,,,
621,ACW,US,2015-10-22,2.79,2.94,2.79,2.92,2.92,100026.0,,,
613,ACW,US,2015-10-23,2.92,2.92,2.78,2.78,2.78,61526.0,,,
621,ACW,US,2015-10-26,2.76,2.76,2.61,2.63,2.63,174525.0,,,
621,ACW,US,2015-10-27,2.61,2.95,2.61,2.94,2.94,164331.0,,,
621,ACW,US,2015-10-28,2.93,2.9899,2.77,2.78,2.78,87775.0,,,
621,ACW,US,2015-10-29,2.8,2.88,2.77,2.82,2.82,103087.0,,,
613,ACW,US,2015-10-30,2.79,2.79,2.01,2.61,2.61,954740.0,,,
622,ACW,US,2015-11-02,2.5,2.71,2.4,2.71,2.71,939327.0,,,
622,ACW,US,2015-11-03,2.71,2.75,2.5589,2.65,2.65,534067.0,,,
622,ACW,US,2015-11-04,2.73,2.74,2.5610000000000004,2.6,2.6,228166.0,,,
622,ACW,US,2015-11-05,2.58,2.59,2.49,2.59,2.59,224037.0,,,
614,ACW,US,2015-11-06,2.6,2.62,2.45,2.48,2.48,323363.0,,,
622,ACW,US,2015-11-09,2.53,2.76,2.53,2.74,2.74,542364.0,,,
622,ACW,US,2015-11-10,2.74,2.75,2.59,2.61,2.61,271606.0,,,
623,ACW,US,2015-11-11,2.6,2.64,2.55,2.57,2.57,137898.0,,,
623,ACW,US,2015-11-12,2.56,2.6,2.54,2.56,2.56,96399.0,,,
615,ACW,US,2015-11-13,2.54,2.61,2.45,2.48,2.48,168297.0,,,
623,ACW,US,2015-11-16,2.48,2.55,2.4101,2.47,2.47,114398.0,,,
623,ACW,US,2015-11-17,2.5,2.5,2.445,2.46,2.46,182340.0,,,
623,ACW,US,2015-11-18,2.44,2.465,2.31,2.33,2.33,361753.0,,,
623,ACW,US,2015-11-19,2.35,2.35,2.22,2.25,2.25,274755.0,,,
615,ACW,US,2015-11-20,2.25,2.46,2.25,2.44,2.44,134748.0,,,
623,ACW,US,2015-11-23,2.44,2.5,2.43,2.49,2.49,124083.0,,,
623,ACW,US,2015-11-24,2.48,2.58,2.48,2.58,2.58,73822.0,,,
623,ACW,US,2015-11-25,2.58,2.58,2.58,2.58,2.58,0.0,,,
4,ACW,US,2015-11-26,2.58,2.62,2.58,2.6,2.6,21869.0,,,
615,ACW,US,2015-11-27,2.61,2.62,2.54,2.58,2.58,138300.0,,,
623,ACW,US,2015-11-30,2.57,2.57,2.45,2.5,2.5,84665.0,,,
624,ACW,US,2015-12-01,2.49,2.5,2.45,2.45,2.45,80623.0,,,
624,ACW,US,2015-12-02,2.44,2.4591,2.25,2.27,2.27,263363.0,,,
624,ACW,US,2015-12-03,2.27,2.32,2.2,2.3,2.3,138062.0,,,
616,ACW,US,2015-12-04,2.3,2.31,2.2,2.25,2.25,135360.0,,,
624,ACW,US,2015-12-07,2.24,2.2501,2.155,2.2,2.2,277796.0,,,
624,ACW,US,2015-12-08,2.2,2.245,2.13,2.22,2.22,113674.0,,,
624,ACW,US,2015-12-09,2.23,2.26,2.16,2.22,2.22,199132.0,,,
624,ACW,US,2015-12-10,2.16,2.215,2.13,2.17,2.17,172277.0,,,
616,ACW,US,2015-12-11,2.17,2.17,1.89,1.92,1.92,378288.0,,,
624,ACW,US,2015-12-14,1.91,1.96,1.91,1.92,1.92,351108.0,,,
624,ACW,US,2015-12-15,1.92,1.97,1.88,1.89,1.89,286694.0,,,
624,ACW,US,2015-12-16,1.88,1.94,1.69,1.7,1.7,335020.0,,,
624,ACW,US,2015-12-17,1.68,1.76,1.67,1.73,1.73,705603.0,,,
616,ACW,US,2015-12-18,1.78,1.79,1.74,1.76,1.76,311231.0,,,
624,ACW,US,2015-12-21,1.75,1.8408,1.75,1.78,1.78,301324.0,,,
624,ACW,US,2015-12-22,1.8,1.85,1.79,1.8,1.8,448196.0,,,
624,ACW,US,2015-12-23,1.8,1.81,1.78,1.79,1.79,145569.0,,,
625,ACW,US,2015-12-24,1.79,1.79,1.79,1.79,1.79,0.0,,,
0,ACW,US,2015-12-25,1.79,1.8,1.74,1.76,1.76,306249.0,,,
624,ACW,US,2015-12-28,1.76,1.8,1.75,1.76,1.76,294183.0,,,
625,ACW,US,2015-12-29,1.75,1.77,1.63,1.71,1.71,594773.0,,,
625,ACW,US,2015-12-30,1.7,1.75,1.66,1.66,1.66,345038.0,,,
0,ACW,US,2016-01-01,1.68,1.7299,1.53,1.6,1.6,717510.0,,,
642,ACW,US,2016-01-04,1.68,1.7299,1.53,1.6,1.6,717510.0,,,
642,ACW,US,2016-01-05,1.61,1.65,1.53,1.57,1.57,303309.0,,,
642,ACW,US,2016-01-06,1.59,1.59,1.41,1.42,1.42,294690.0,,,
642,ACW,US,2016-01-07,1.4,1.445,1.28,1.33,1.33,586158.0,,,
635,ACW,US,2016-01-08,1.34,1.36,1.26,1.26,1.26,532619.0,,,
642,ACW,US,2016-01-11,1.3,1.335,1.18,1.22,1.22,346525.0,,,
641,ACW,US,2016-01-12,1.24,1.3,1.12,1.14,1.14,306756.0,,,
641,ACW,US,2016-01-13,1.17,1.19,1.06,1.08,1.08,268632.0,,,
641,ACW,US,2016-01-14,1.09,1.1,1.01,1.03,1.03,476182.0,,,
3,ACW,US,2016-01-18,1.0,1.01,0.8109999999999999,0.8338,0.8338,386989.0,,,
642,ACW,US,2016-01-19,1.0,1.01,0.8109999999999999,0.8338,0.8338,386989.0,,,
641,ACW,US,2016-01-20,0.83,0.9,0.74,0.8359,0.8359,517024.0,,,
641,ACW,US,2016-01-21,0.8499,0.9025,0.83,0.8847,0.8847,289565.0,,,
634,ACW,US,2016-01-22,0.8901,0.9413,0.89,0.8911,0.8911,368824.0,,,
641,ACW,US,2016-01-25,0.9055,0.95,0.89,0.8901,0.8901,240587.0,,,
641,ACW,US,2016-01-26,0.9,0.946,0.8001,0.8199,0.8199,396546.0,,,
641,ACW,US,2016-01-27,0.83,0.878,0.7539,0.7788,0.7788,246205.0,,,
641,ACW,US,2016-01-28,0.84,0.8454,0.76,0.8202,0.8202,348718.0,,,
633,ACW,US,2016-01-29,0.8201,0.8696,0.763,0.841,0.841,247820.0,,,
641,ACW,US,2016-02-01,0.84,0.86,0.8002,0.8002,0.8002,252048.0,,,
641,ACW,US,2016-02-02,0.8079,0.86,0.76,0.7746,0.7746,302985.0,,,
641,ACW,US,2016-02-03,0.7899,0.84,0.76,0.7791,0.7791,202257.0,,,
641,ACW,US,2016-02-04,0.78,0.865,0.78,0.8434,0.8434,180646.0,,,
633,ACW,US,2016-02-05,0.8499,0.9,0.8,0.8299,0.8299,139464.0,,,
631,ACW,US,2016-02-08,0.81,0.8757,0.78,0.79,0.79,156156.0,,,
631,ACW,US,2016-02-09,0.8,0.86,0.78,0.8176,0.8176,166297.0,,,
631,ACW,US,2016-02-10,0.825,0.9503,0.825,0.9253,0.9253,529467.0,,,
634,ACW,US,2016-02-11,0.91,0.94,0.8816,0.8992,0.8992,356628.0,,,
633,ACW,US,2016-02-12,0.9155,0.98,0.8975,0.9015,0.9015,295888.0,,,
2,ACW,US,2016-02-15,0.9419,0.9582,0.8995,0.91,0.91,232023.0,,,
641,ACW,US,2016-02-16,0.9419,0.9582,0.8995,0.91,0.91,232023.0,,,
641,ACW,US,2016-02-17,0.9484,0.9599,0.9087,0.9239,0.9239,208685.0,,,
641,ACW,US,2016-02-18,0.935,1.04,0.89,0.9001,0.9001,302738.0,,,
633,ACW,US,2016-02-19,0.9199,0.94,0.8915,0.8915,0.8915,124021.0,,,
641,ACW,US,2016-02-22,0.91,0.943,0.91,0.9334,0.9334,175936.0,,,
641,ACW,US,2016-02-23,0.94,0.9418,0.91,0.9193,0.9193,104743.0,,,
641,ACW,US,2016-02-24,0.88,0.9311,0.88,0.9224,0.9224,89734.0,,,
642,ACW,US,2016-02-25,0.93,0.98,0.93,0.9698,0.9698,177877.0,,,
633,ACW,US,2016-02-26,0.9499,1.07,0.9057,1.07,1.07,427035.0,,,
638,ACW,US,2016-02-29,1.28,1.45,1.2,1.45,1.45,410332.0,,,
641,ACW,US,2016-03-01,1.28,1.45,1.2,1.45,1.45,410332.0,,,
641,ACW,US,2016-03-02,1.5,1.52,1.4,1.46,1.46,386987.0,,,
641,ACW,US,2016-03-03,1.47,1.66,1.47,1.65,1.65,439273.0,,,
633,ACW,US,2016-03-04,1.64,1.9,1.61,1.8,1.8,603717.0,,,
642,ACW,US,2016-03-07,1.85,2.2,1.78,1.79,1.79,717965.0,,,
641,ACW,US,2016-03-08,1.81,1.838,1.6701,1.72,1.72,249910.0,,,
641,ACW,US,2016-03-09,1.77,1.77,1.6645,1.69,1.69,114921.0,,,
641,ACW,US,2016-03-10,1.71,1.71,1.43,1.56,1.56,385854.0,,,
633,ACW,US,2016-03-11,1.58,1.65,1.54,1.64,1.64,133517.0,,,
641,ACW,US,2016-03-14,1.66,1.71,1.6,1.62,1.62,131598.0,,,
641,ACW,US,2016-03-15,1.63,1.63,1.5,1.59,1.59,149075.0,,,
641,ACW,US,2016-03-16,1.59,1.66,1.5601,1.64,1.64,100588.0,,,
642,ACW,US,2016-03-17,1.65,1.77,1.645,1.73,1.73,236106.0,,,
633,ACW,US,2016-03-18,1.76,1.78,1.68,1.76,1.76,365012.0,,,
641,ACW,US,2016-03-21,1.75,1.8,1.74,1.77,1.77,60725.0,,,
641,ACW,US,2016-03-22,1.75,1.78,1.73,1.74,1.74,208175.0,,,
642,ACW,US,2016-03-23,1.75,1.75,1.61,1.61,1.61,99748.0,,,
643,ACW,US,2016-03-24,1.61,1.67,1.53,1.64,1.64,424189.0,,,
0,ACW,US,2016-03-25,1.64,1.71,1.54,1.56,1.56,347315.0,,,
640,ACW,US,2016-03-28,1.64,1.71,1.54,1.56,1.56,347315.0,,,
639,ACW,US,2016-03-29,1.64,1.72,1.63,1.66,1.66,115633.0,,,
639,ACW,US,2016-03-30,1.65,1.7,1.55,1.55,1.55,294559.0,,,
639,ACW,US,2016-03-31,1.55,1.59,1.45,1.54,1.54,316336.0,,,
636,ACW,US,2016-04-01,1.55,1.59,1.45,1.54,1.54,316336.0,,,
640,ACW,US,2016-04-04,1.55,1.67,1.38,1.43,1.43,370240.0,,,
642,ACW,US,2016-04-05,1.43,1.45,1.37,1.4,1.4,131178.0,,,
642,ACW,US,2016-04-06,1.38,1.45,1.32,1.42,1.42,237614.0,,,
642,ACW,US,2016-04-07,1.42,1.4524,1.35,1.36,1.36,95080.0,,,
634,ACW,US,2016-04-08,1.37,1.45,1.355,1.36,1.36,308937.0,,,
642,ACW,US,2016-04-11,1.39,1.45,1.39,1.4,1.4,98372.0,,,
642,ACW,US,2016-04-12,1.42,1.48,1.42,1.47,1.47,157951.0,,,
642,ACW,US,2016-04-13,1.49,1.62,1.48,1.61,1.61,287505.0,,,
642,ACW,US,2016-04-14,1.62,1.6226,1.56,1.56,1.56,91532.0,,,
635,ACW,US,2016-04-15,1.56,1.59,1.49,1.57,1.57,118662.0,,,
642,ACW,US,2016-04-18,1.57,1.6,1.55,1.56,1.56,72451.0,,,
642,ACW,US,2016-04-19,1.59,1.6,1.54,1.54,1.54,105963.0,,,
642,ACW,US,2016-04-20,1.52,1.54,1.47,1.5,1.5,131720.0,,,
643,ACW,US,2016-04-21,1.51,1.54,1.5,1.5,1.5,95833.0,,,
632,ACW,US,2016-04-22,1.52,1.56,1.5,1.53,1.53,53589.0,,,
640,ACW,US,2016-04-25,1.51,1.61,1.48,1.58,1.58,183790.0,,,
640,ACW,US,2016-04-26,1.59,1.67,1.59,1.63,1.63,144522.0,,,
639,ACW,US,2016-04-27,1.63,1.68,1.62,1.63,1.63,125543.0,,,
644,ACW,US,2016-04-28,1.67,1.67,1.58,1.62,1.62,195864.0,,,
636,ACW,US,2016-04-29,1.63,1.64,1.52,1.64,1.64,131227.0,,,
645,ACW,US,2016-05-02,1.63,1.64,1.52,1.64,1.64,131227.0,,,
646,ACW,US,2016-05-03,1.53,1.65,1.4,1.62,1.62,300908.0,,,
646,ACW,US,2016-05-04,1.68,1.68,1.49,1.58,1.58,186782.0,,,
647,ACW,US,2016-05-05,1.59,1.62,1.55,1.6,1.6,569311.0,,,
638,ACW,US,2016-05-06,1.63,1.7,1.57,1.68,1.68,365979.0,,,
646,ACW,US,2016-05-09,1.64,1.6669999999999998,1.6,1.61,1.61,186316.0,,,
646,ACW,US,2016-05-10,1.63,1.63,1.55,1.61,1.61,117252.0,,,
646,ACW,US,2016-05-11,1.6,1.636,1.565,1.59,1.59,121465.0,,,
646,ACW,US,2016-05-12,1.59,1.6,1.52,1.53,1.53,155077.0,,,
639,ACW,US,2016-05-13,1.47,1.56,1.47,1.53,1.53,99964.0,,,
646,ACW,US,2016-05-16,1.54,1.59,1.51,1.51,1.51,129898.0,,,
646,ACW,US,2016-05-17,1.51,1.55,1.48,1.48,1.48,234103.0,,,
647,ACW,US,2016-05-18,1.48,1.54,1.36,1.4,1.4,183753.0,,,
641,ACW,US,2016-05-19,1.39,1.4,1.32,1.35,1.35,143168.0,,,
639,ACW,US,2016-05-20,1.36,1.42,1.33,1.42,1.42,256566.0,,,
647,ACW,US,2016-05-23,1.41,1.47,1.37,1.39,1.39,136477.0,,,
648,ACW,US,2016-05-24,1.42,1.59,1.41,1.55,1.55,189675.0,,,
647,ACW,US,2016-05-25,1.62,1.68,1.55,1.64,1.64,356214.0,,,
647,ACW,US,2016-05-26,1.65,1.69,1.59,1.59,1.59,222637.0,,,
639,ACW,US,2016-05-27,1.62,1.62,1.58,1.59,1.59,71319.0,,,
2,ACW,US,2016-05-30,1.58,1.605,1.5,1.58,1.58,158130.0,,,
647,ACW,US,2016-05-31,1.58,1.605,1.5,1.58,1.58,158130.0,,,
647,ACW,US,2016-06-01,1.57,1.59,1.51,1.58,1.58,145732.0,,,
648,ACW,US,2016-06-02,1.58,1.61,1.56,1.59,1.59,54144.0,,,
640,ACW,US,2016-06-03,1.6,1.67,1.56,1.65,1.65,154451.0,,,
648,ACW,US,2016-06-06,1.67,1.69,1.64,1.65,1.65,182218.0,,,
642,ACW,US,2016-06-07,1.62,1.69,1.495,1.53,1.53,395816.0,,,
632,ACW,US,2016-06-08,1.55,1.62,1.55,1.62,1.62,128363.0,,,
630,ACW,US,2016-06-09,1.62,1.63,1.58,1.61,1.61,105467.0,,,
632,ACW,US,2016-06-10,1.58,1.58,1.53,1.56,1.56,86958.0,,,
641,ACW,US,2016-06-13,1.54,1.57,1.505,1.55,1.55,90247.0,,,
642,ACW,US,2016-06-14,1.51,1.58,1.51,1.55,1.55,173484.0,,,
642,ACW,US,2016-06-15,1.57,1.57,1.45,1.47,1.47,306112.0,,,
641,ACW,US,2016-06-16,1.45,1.4899,1.4,1.45,1.45,191830.0,,,
633,ACW,US,2016-06-17,1.46,1.49,1.42,1.43,1.43,249136.0,,,
641,ACW,US,2016-06-20,1.51,1.56,1.43,1.44,1.44,238488.0,,,
641,ACW,US,2016-06-21,1.43,1.48,1.39,1.46,1.46,241771.0,,,
641,ACW,US,2016-06-22,1.46,1.46,1.39,1.39,1.39,246862.0,,,
642,ACW,US,2016-06-23,1.39,1.45,1.36,1.44,1.44,351217.0,,,
633,ACW,US,2016-06-24,1.36,1.4,1.29,1.32,1.32,3527610.0,,,
641,ACW,US,2016-06-27,1.33,1.33,1.19,1.2,1.2,378055.0,,,
641,ACW,US,2016-06-28,1.25,1.26,1.18,1.22,1.22,429572.0,,,
641,ACW,US,2016-06-29,1.25,1.34,1.21,1.21,1.21,358595.0,,,
641,ACW,US,2016-06-30,1.22,1.27,1.14,1.24,1.24,258441.0,,,
631,ACW,US,2016-07-01,1.24,1.39,1.24,1.29,1.29,110873.0,,,
2,ACW,US,2016-07-04,1.3,1.3,1.17,1.25,1.25,443634.0,,,
641,ACW,US,2016-07-05,1.3,1.3,1.17,1.25,1.25,443634.0,,,
641,ACW,US,2016-07-06,1.24,1.2598,1.2,1.23,1.23,85102.0,,,
641,ACW,US,2016-07-07,1.21,1.32,1.21,1.22,1.22,181698.0,,,
633,ACW,US,2016-07-08,1.25,1.29,1.23,1.23,1.23,118721.0,,,
641,ACW,US,2016-07-11,1.25,1.33,1.24,1.29,1.29,177007.0,,,
641,ACW,US,2016-07-12,1.31,1.3998,1.29,1.3,1.3,174630.0,,,
641,ACW,US,2016-07-13,1.29,1.3419999999999999,1.25,1.25,1.25,250442.0,,,
641,ACW,US,2016-07-14,1.26,1.32,1.25,1.31,1.31,79468.0,,,
633,ACW,US,2016-07-15,1.36,1.4,1.28,1.29,1.29,269877.0,,,
641,ACW,US,2016-07-18,1.35,1.3632,1.24,1.25,1.25,165697.0,,,
641,ACW,US,2016-07-19,1.25,1.31,1.21,1.22,1.22,298343.0,,,
641,ACW,US,2016-07-20,1.26,1.28,1.21,1.25,1.25,106975.0,,,
641,ACW,US,2016-07-21,1.24,1.3,1.24,1.28,1.28,462903.0,,,
633,ACW,US,2016-07-22,1.31,1.34,1.27,1.29,1.29,235268.0,,,
621,ACW,US,2016-07-25,1.32,1.33,1.27,1.29,1.29,116851.0,,,
621,ACW,US,2016-07-26,1.31,1.31,1.2,1.27,1.27,275140.0,,,
621,ACW,US,2016-07-27,1.3,1.32,1.26,1.3,1.3,187191.0,,,
621,ACW,US,2016-07-28,1.3,1.33,1.29,1.31,1.31,124728.0,,,
613,ACW,US,2016-07-29,1.34,1.35,1.28,1.34,1.34,166790.0,,,
621,ACW,US,2016-08-01,1.33,1.44,1.33,1.35,1.35,210228.0,,,
621,ACW,US,2016-08-02,1.34,1.36,1.31,1.32,1.32,133394.0,,,
621,ACW,US,2016-08-03,1.33,1.36,1.32,1.36,1.36,78157.0,,,
622,ACW,US,2016-08-04,1.37,1.44,1.36,1.39,1.39,164053.0,,,
613,ACW,US,2016-08-05,1.4,1.46,1.39,1.41,1.41,230314.0,,,
621,ACW,US,2016-08-08,1.44,1.49,1.4,1.4,1.4,265672.0,,,
621,ACW,US,2016-08-09,1.44,1.45,1.41,1.43,1.43,63131.0,,,
621,ACW,US,2016-08-10,1.43,1.48,1.41,1.42,1.42,106766.0,,,
621,ACW,US,2016-08-11,1.43,1.48,1.43,1.46,1.46,76770.0,,,
613,ACW,US,2016-08-12,1.45,1.48,1.45,1.46,1.46,84864.0,,,
621,ACW,US,2016-08-15,1.46,1.47,1.42,1.46,1.46,248757.0,,,
621,ACW,US,2016-08-16,1.46,1.56,1.46,1.54,1.54,261626.0,,,
621,ACW,US,2016-08-17,1.57,1.65,1.551,1.63,1.63,273523.0,,,
621,ACW,US,2016-08-18,1.66,1.72,1.64,1.7,1.7,214928.0,,,
613,ACW,US,2016-08-19,1.69,1.79,1.68,1.75,1.75,198642.0,,,
621,ACW,US,2016-08-22,1.74,1.78,1.72,1.76,1.76,89335.0,,,
621,ACW,US,2016-08-23,1.79,1.79,1.7475,1.79,1.79,104241.0,,,
621,ACW,US,2016-08-24,1.79,1.8,1.55,1.59,1.59,299586.0,,,
621,ACW,US,2016-08-25,1.57,1.66,1.57,1.64,1.64,144024.0,,,
613,ACW,US,2016-08-26,1.66,1.74,1.62,1.73,1.73,145250.0,,,
622,ACW,US,2016-08-29,1.72,1.76,1.7,1.75,1.75,63855.0,,,
621,ACW,US,2016-08-30,1.76,1.79,1.68,1.7,1.7,146756.0,,,
621,ACW,US,2016-08-31,1.7,1.75,1.68,1.69,1.69,79116.0,,,
621,ACW,US,2016-09-01,1.74,1.74,1.62,1.66,1.66,100826.0,,,
613,ACW,US,2016-09-02,2.56,2.8401,2.53,2.58,2.58,8113466.0,,,
2,ACW,US,2016-09-05,2.58,2.6163,2.56,2.58,2.58,2596524.0,,,
621,ACW,US,2016-09-06,2.58,2.6163,2.56,2.58,2.58,2596524.0,,,
621,ACW,US,2016-09-07,2.58,2.66,2.58,2.58,2.58,1693002.0,,,
621,ACW,US,2016-09-08,2.59,2.59,2.575,2.59,2.59,861013.0,,,
613,ACW,US,2016-09-09,2.58,2.58,2.54,2.56,2.56,718586.0,,,
621,ACW,US,2016-09-12,2.55,2.57,2.54,2.55,2.55,694870.0,,,
622,ACW,US,2016-09-13,2.54,2.57,2.54,2.55,2.55,448905.0,,,
613,ACW,US,2016-09-14,2.55,2.57,2.54,2.54,2.54,450982.0,,,
614,ACW,US,2016-09-15,2.55,2.565,2.54,2.55,2.55,396801.0,,,
612,ACW,US,2016-09-16,2.56,2.58,2.55,2.58,2.58,564893.0,,,
622,ACW,US,2016-09-19,2.57,2.58,2.56,2.57,2.57,318652.0,,,
623,ACW,US,2016-09-20,2.56,2.58,2.55,2.56,2.56,171195.0,,,
622,ACW,US,2016-09-21,2.57,2.58,2.56,2.57,2.57,114149.0,,,
622,ACW,US,2016-09-22,2.56,2.58,2.56,2.56,2.56,297569.0,,,
616,ACW,US,2016-09-23,2.57,2.57,2.56,2.57,2.57,139700.0,,,
624,ACW,US,2016-09-26,2.56,2.57,2.56,2.56,2.56,109976.0,,,
625,ACW,US,2016-09-27,2.56,2.57,2.55,2.55,2.55,381387.0,,,
623,ACW,US,2016-09-28,2.55,2.57,2.55,2.57,2.57,600955.0,,,
623,ACW,US,2016-09-29,2.57,2.57,2.56,2.56,2.56,404330.0,,,
618,ACW,US,2016-09-30,2.57,2.57,2.56,2.56,2.56,404330.0,,,
617,ACW,US,2016-10-03,2.56,2.57,2.56,2.57,2.57,136166.0,,,
617,ACW,US,2016-10-04,2.56,2.56,2.54,2.56,2.56,382786.0,,,
618,ACW,US,2016-10-05,2.56,2.57,2.55,2.57,2.57,185111.0,,,
617,ACW,US,2016-10-06,2.56,2.57,2.56,2.56,2.56,209882.0,,,
617,ACW,US,2016-10-07,2.56,2.56,2.45,2.5,2.5,853851.0,,,
624,ACW,US,2016-10-10,2.5,2.5004,2.45,2.49,2.49,849374.0,,,
625,ACW,US,2016-10-11,2.49,2.5,2.48,2.48,2.48,1430818.0,,,
626,ACW,US,2016-10-12,2.48,2.49,2.37,2.48,2.48,1094581.0,,,
623,ACW,US,2016-10-13,2.46,2.47,2.42,2.44,2.44,183891.0,,,
615,ACW,US,2016-10-14,2.4,2.46,2.4,2.41,2.41,474154.0,,,
625,ACW,US,2016-10-17,2.4,2.46,2.4,2.41,2.41,474154.0,,,
625,ACW,US,2016-10-18,2.42,2.46,2.41,2.46,2.46,236026.0,,,
625,ACW,US,2016-10-19,2.45,2.55,2.44,2.48,2.48,568560.0,,,
625,ACW,US,2016-10-20,2.46,2.54,2.45,2.48,2.48,560294.0,,,
617,ACW,US,2016-10-21,2.47,2.52,2.45,2.52,2.52,426084.0,,,
625,ACW,US,2016-10-24,2.5,2.52,2.45,2.51,2.51,267849.0,,,
625,ACW,US,2016-10-25,2.49,2.495,2.47,2.47,2.47,235305.0,,,
626,ACW,US,2016-10-26,2.47,2.48,2.46,2.47,2.47,316527.0,,,
626,ACW,US,2016-10-27,2.47,2.48,2.44,2.45,2.45,202384.0,,,
619,ACW,US,2016-10-28,2.46,2.4888,2.46,2.47,2.47,220248.0,,,
626,ACW,US,2016-10-31,2.48,2.5,2.44,2.45,2.45,448128.0,,,
626,ACW,US,2016-11-01,2.46,2.47,2.44,2.45,2.45,238251.0,,,
626,ACW,US,2016-11-02,2.45,2.4537,2.42,2.42,2.42,284824.0,,,
626,ACW,US,2016-11-03,2.42,2.46,2.36,2.44,2.44,522243.0,,,
618,ACW,US,2016-11-04,2.46,2.46,2.42,2.44,2.44,653011.0,,,
626,ACW,US,2016-11-07,2.44,2.48,2.42,2.46,2.46,822896.0,,,
626,ACW,US,2016-11-08,2.45,2.46,2.42,2.42,2.42,416491.0,,,
626,ACW,US,2016-11-09,2.44,2.49,2.44,2.47,2.47,297963.0,,,
626,ACW,US,2016-11-10,2.46,2.53,2.45,2.52,2.52,364946.0,,,
618,ACW,US,2016-11-11,2.51,2.51,2.46,2.49,2.49,289895.0,,,
626,ACW,US,2016-11-14,2.49,2.58,2.49,2.57,2.57,1096933.0,,,
626,ACW,US,2016-11-15,2.58,2.58,2.57,2.57,2.57,155999.0,,,
626,ACW,US,2016-11-16,2.57,2.58,2.57,2.58,2.58,923739.0,,,
626,ACW,US,2016-11-17,0.0,0.0,0.0,2.58,2.58,0.0,,,
618,ACW,US,2016-11-18,2.58,2.58,2.58,2.58,2.58,0.0,,,
626,ACW,US,2016-11-21,2.58,2.58,2.58,2.58,2.58,0.0,,,
626,ACW,US,2016-11-22,2.58,2.58,2.58,2.58,2.58,0.0,,,
618,ACW,US,2016-11-25,2.58,2.58,2.58,2.58,2.58,0.0,,,
